Hex-Value;Type;Sign;Name
0023; Emoji;#ï¸;number sign
002A; Emoji;*ï¸;asterisk
0030..0039; Emoji;0ï¸..9ï¸;digit zero..digit nine
00A9; Emoji;Â©ï¸;copyright
00AE; Emoji;Â®ï¸;registered
203C; Emoji;â€¼ï¸;double exclamation mark
2049; Emoji;â‰ï¸;exclamation question mark
2122; Emoji;â„¢ï¸;trade mark
2139; Emoji;â„¹ï¸;information
2194..2199; Emoji;â†”ï¸..â†™ï¸;left-right arrow..down-left arrow
21A9..21AA; Emoji;â†©ï¸..â†ªï¸;right arrow curving left..left arrow curving right
231A..231B; Emoji;âŒš..âŒ›;watch..hourglass done
2328; Emoji;âŒ¨ï¸;keyboard
23CF; Emoji;âï¸;eject button
23E9..23EC; Emoji;â©..â¬;fast-forward button..fast down button
23ED..23EE; Emoji;â­ï¸..â®ï¸;next track button..last track button
23EF; Emoji;â¯ï¸;play or pause button
23F0; Emoji;â°;alarm clock
23F1..23F2; Emoji;â±ï¸..â²ï¸;stopwatch..timer clock
23F3; Emoji;â³;hourglass not done
23F8..23FA; Emoji;â¸ï¸..âºï¸;pause button..record button
24C2; Emoji;â“‚ï¸;circled M
25AA..25AB; Emoji;â–ªï¸..â–«ï¸;black small square..white small square
25B6; Emoji;â–¶ï¸;play button
25C0; Emoji;â—€ï¸;reverse button
25FB..25FE; Emoji;â—»ï¸..â—¾;white medium square..black medium-small square
2600..2601; Emoji;â˜€ï¸..â˜ï¸;sun..cloud
2602..2603; Emoji;â˜‚ï¸..â˜ƒï¸;umbrella..snowman
2604; Emoji;â˜„ï¸;comet
260E; Emoji;â˜ï¸;telephone
2611; Emoji;â˜‘ï¸;check box with check
2614..2615; Emoji;â˜”..â˜•;umbrella with rain drops..hot beverage
2618; Emoji;â˜˜ï¸;shamrock
261D; Emoji;â˜ï¸;index pointing up
2620; Emoji;â˜ ï¸;skull and crossbones
2622..2623; Emoji;â˜¢ï¸..â˜£ï¸;radioactive..biohazard
2626; Emoji;â˜¦ï¸;orthodox cross
262A; Emoji;â˜ªï¸;star and crescent
262E; Emoji;â˜®ï¸;peace symbol
262F; Emoji;â˜¯ï¸;yin yang
2638..2639; Emoji;â˜¸ï¸..â˜¹ï¸;wheel of dharma..frowning face
263A; Emoji;â˜ºï¸;smiling face
2640; Emoji;â™€ï¸;female sign
2642; Emoji;â™‚ï¸;male sign
2648..2653; Emoji;â™ˆ..â™“;Aries..Pisces
265F; Emoji;â™Ÿï¸;chess pawn
2660; Emoji;â™ ï¸;spade suit
2663; Emoji;â™£ï¸;club suit
2665..2666; Emoji;â™¥ï¸..â™¦ï¸;heart suit..diamond suit
2668; Emoji;â™¨ï¸;hot springs
267B; Emoji;â™»ï¸;recycling symbol
267E; Emoji;â™¾ï¸;infinity
267F; Emoji;â™¿;wheelchair symbol
2692; Emoji;âš’ï¸;hammer and pick
2693; Emoji;âš“;anchor
2694; Emoji;âš”ï¸;crossed swords
2695; Emoji;âš•ï¸;medical symbol
2696..2697; Emoji;âš–ï¸..âš—ï¸;balance scale..alembic
2699; Emoji;âš™ï¸;gear
269B..269C; Emoji;âš›ï¸..âšœï¸;atom symbol..fleur-de-lis
26A0..26A1; Emoji;âš ï¸..âš¡;warning..high voltage
26A7; Emoji;âš§ï¸;transgender symbol
26AA..26AB; Emoji;âšª..âš«;white circle..black circle
26B0..26B1; Emoji;âš°ï¸..âš±ï¸;coffin..funeral urn
26BD..26BE; Emoji;âš½..âš¾;soccer ball..baseball
26C4..26C5; Emoji;â›„..â›…;snowman without snow..sun behind cloud
26C8; Emoji;â›ˆï¸;cloud with lightning and rain
26CE; Emoji;â›;Ophiuchus
26CF; Emoji;â›ï¸;pick
26D1; Emoji;â›‘ï¸;rescue workerâ€™s helmet
26D3; Emoji;â›“ï¸;chains
26D4; Emoji;â›”;no entry
26E9; Emoji;â›©ï¸;shinto shrine
26EA; Emoji;â›ª;church
26F0..26F1; Emoji;â›°ï¸..â›±ï¸;mountain..umbrella on ground
26F2..26F3; Emoji;â›²..â›³;fountain..flag in hole
26F4; Emoji;â›´ï¸;ferry
26F5; Emoji;â›µ;sailboat
26F7..26F9; Emoji;â›·ï¸..â›¹ï¸;skier..person bouncing ball
26FA; Emoji;â›º;tent
26FD; Emoji;â›½;fuel pump
2702; Emoji;âœ‚ï¸;scissors
2705; Emoji;âœ…;check mark button
2708..270C; Emoji;âœˆï¸..âœŒï¸;airplane..victory hand
270D; Emoji;âœï¸;writing hand
270F; Emoji;âœï¸;pencil
2712; Emoji;âœ’ï¸;black nib
2714; Emoji;âœ”ï¸;check mark
2716; Emoji;âœ–ï¸;multiply
271D; Emoji;âœï¸;latin cross
2721; Emoji;âœ¡ï¸;star of David
2728; Emoji;âœ¨;sparkles
2733..2734; Emoji;âœ³ï¸..âœ´ï¸;eight-spoked asterisk..eight-pointed star
2744; Emoji;â„ï¸;snowflake
2747; Emoji;â‡ï¸;sparkle
274C; Emoji;âŒ;cross mark
274E; Emoji;â;cross mark button
2753..2755; Emoji;â“..â•;question mark..white exclamation mark
2757; Emoji;â—;exclamation mark
2763; Emoji;â£ï¸;heart exclamation
2764; Emoji;â¤ï¸;red heart
2795..2797; Emoji;â•..â—;plus..divide
27A1; Emoji;â¡ï¸;right arrow
27B0; Emoji;â°;curly loop
27BF; Emoji;â¿;double curly loop
2934..2935; Emoji;â¤´ï¸..â¤µï¸;right arrow curving up..right arrow curving down
2B05..2B07; Emoji;â¬…ï¸..â¬‡ï¸;left arrow..down arrow
2B1B..2B1C; Emoji;â¬›..â¬œ;black large square..white large square
2B50; Emoji;â­;star
2B55; Emoji;â­•;hollow red circle
3030; Emoji;ã€°ï¸;wavy dash
303D; Emoji;ã€½ï¸;part alternation mark
3297; Emoji;ãŠ—ï¸;Japanese â€œcongratulationsâ€ button
3299; Emoji;ãŠ™ï¸;Japanese â€œsecretâ€ button
1F004; Emoji;ğŸ€„;mahjong red dragon
1F0CF; Emoji;ğŸƒ;joker
1F170..1F171; Emoji;ğŸ…°ï¸..ğŸ…±ï¸;A button (blood type)..B button (blood type)
1F17E..1F17F; Emoji;ğŸ…¾ï¸..ğŸ…¿ï¸;O button (blood type)..P button
1F18E; Emoji;ğŸ†;AB button (blood type)
1F191..1F19A; Emoji;ğŸ†‘..ğŸ†š;CL button..VS button
1F1E6..1F1FF; Emoji;ğŸ‡¦..ğŸ‡¿;regional indicator symbol letter a..regional indicator symbol letter z
1F201..1F202; Emoji;ğŸˆ..ğŸˆ‚ï¸;Japanese â€œhereâ€ button..Japanese â€œservice chargeâ€ button
1F21A; Emoji;ğŸˆš;Japanese â€œfree of chargeâ€ button
1F22F; Emoji;ğŸˆ¯;Japanese â€œreservedâ€ button
1F232..1F23A; Emoji;ğŸˆ²..ğŸˆº;Japanese â€œprohibitedâ€ button..Japanese â€œopen for businessâ€ button
1F250..1F251; Emoji;ğŸ‰..ğŸ‰‘;Japanese â€œbargainâ€ button..Japanese â€œacceptableâ€ button
1F300..1F30C; Emoji;ğŸŒ€..ğŸŒŒ;cyclone..milky way
1F30D..1F30E; Emoji;ğŸŒ..ğŸŒ;globe showing Europe-Africa..globe showing Americas
1F30F; Emoji;ğŸŒ;globe showing Asia-Australia
1F310; Emoji;ğŸŒ;globe with meridians
1F311; Emoji;ğŸŒ‘;new moon
1F312; Emoji;ğŸŒ’;waxing crescent moon
1F313..1F315; Emoji;ğŸŒ“..ğŸŒ•;first quarter moon..full moon
1F316..1F318; Emoji;ğŸŒ–..ğŸŒ˜;waning gibbous moon..waning crescent moon
1F319; Emoji;ğŸŒ™;crescent moon
1F31A; Emoji;ğŸŒš;new moon face
1F31B; Emoji;ğŸŒ›;first quarter moon face
1F31C; Emoji;ğŸŒœ;last quarter moon face
1F31D..1F31E; Emoji;ğŸŒ..ğŸŒ;full moon face..sun with face
1F31F..1F320; Emoji;ğŸŒŸ..ğŸŒ ;glowing star..shooting star
1F321; Emoji;ğŸŒ¡ï¸;thermometer
1F324..1F32C; Emoji;ğŸŒ¤ï¸..ğŸŒ¬ï¸;sun behind small cloud..wind face
1F32D..1F32F; Emoji;ğŸŒ­..ğŸŒ¯;hot dog..burrito
1F330..1F331; Emoji;ğŸŒ°..ğŸŒ±;chestnut..seedling
1F332..1F333; Emoji;ğŸŒ²..ğŸŒ³;evergreen tree..deciduous tree
1F334..1F335; Emoji;ğŸŒ´..ğŸŒµ;palm tree..cactus
1F336; Emoji;ğŸŒ¶ï¸;hot pepper
1F337..1F34A; Emoji;ğŸŒ·..ğŸŠ;tulip..tangerine
1F34B; Emoji;ğŸ‹;lemon
1F34C..1F34F; Emoji;ğŸŒ..ğŸ;banana..green apple
1F350; Emoji;ğŸ;pear
1F351..1F37B; Emoji;ğŸ‘..ğŸ»;peach..clinking beer mugs
1F37C; Emoji;ğŸ¼;baby bottle
1F37D; Emoji;ğŸ½ï¸;fork and knife with plate
1F37E..1F37F; Emoji;ğŸ¾..ğŸ¿;bottle with popping cork..popcorn
1F380..1F393; Emoji;ğŸ€..ğŸ“;ribbon..graduation cap
1F396..1F397; Emoji;ğŸ–ï¸..ğŸ—ï¸;military medal..reminder ribbon
1F399..1F39B; Emoji;ğŸ™ï¸..ğŸ›ï¸;studio microphone..control knobs
1F39E..1F39F; Emoji;ğŸï¸..ğŸŸï¸;film frames..admission tickets
1F3A0..1F3C4; Emoji;ğŸ ..ğŸ„;carousel horse..person surfing
1F3C5; Emoji;ğŸ…;sports medal
1F3C6; Emoji;ğŸ†;trophy
1F3C7; Emoji;ğŸ‡;horse racing
1F3C8; Emoji;ğŸˆ;american football
1F3C9; Emoji;ğŸ‰;rugby football
1F3CA; Emoji;ğŸŠ;person swimming
1F3CB..1F3CE; Emoji;ğŸ‹ï¸..ğŸï¸;person lifting weights..racing car
1F3CF..1F3D3; Emoji;ğŸ..ğŸ“;cricket game..ping pong
1F3D4..1F3DF; Emoji;ğŸ”ï¸..ğŸŸï¸;snow-capped mountain..stadium
1F3E0..1F3E3; Emoji;ğŸ ..ğŸ£;house..Japanese post office
1F3E4; Emoji;ğŸ¤;post office
1F3E5..1F3F0; Emoji;ğŸ¥..ğŸ°;hospital..castle
1F3F3; Emoji;ğŸ³ï¸;white flag
1F3F4; Emoji;ğŸ´;black flag
1F3F5; Emoji;ğŸµï¸;rosette
1F3F7; Emoji;ğŸ·ï¸;label
1F3F8..1F407; Emoji;ğŸ¸..ğŸ‡;badminton..rabbit
1F408; Emoji;ğŸˆ;cat
1F409..1F40B; Emoji;ğŸ‰..ğŸ‹;dragon..whale
1F40C..1F40E; Emoji;ğŸŒ..ğŸ;snail..horse
1F40F..1F410; Emoji;ğŸ..ğŸ;ram..goat
1F411..1F412; Emoji;ğŸ‘..ğŸ’;ewe..monkey
1F413; Emoji;ğŸ“;rooster
1F414; Emoji;ğŸ”;chicken
1F415; Emoji;ğŸ•;dog
1F416; Emoji;ğŸ–;pig
1F417..1F429; Emoji;ğŸ—..ğŸ©;boar..poodle
1F42A; Emoji;ğŸª;camel
1F42B..1F43E; Emoji;ğŸ«..ğŸ¾;two-hump camel..paw prints
1F43F; Emoji;ğŸ¿ï¸;chipmunk
1F440; Emoji;ğŸ‘€;eyes
1F441; Emoji;ğŸ‘ï¸;eye
1F442..1F464; Emoji;ğŸ‘‚..ğŸ‘¤;ear..bust in silhouette
1F465; Emoji;ğŸ‘¥;busts in silhouette
1F466..1F46B; Emoji;ğŸ‘¦..ğŸ‘«;boy..woman and man holding hands
1F46C..1F46D; Emoji;ğŸ‘¬..ğŸ‘­;men holding hands..women holding hands
1F46E..1F4AC; Emoji;ğŸ‘®..ğŸ’¬;police officer..speech balloon
1F4AD; Emoji;ğŸ’­;thought balloon
1F4AE..1F4B5; Emoji;ğŸ’®..ğŸ’µ;white flower..dollar banknote
1F4B6..1F4B7; Emoji;ğŸ’¶..ğŸ’·;euro banknote..pound banknote
1F4B8..1F4EB; Emoji;ğŸ’¸..ğŸ“«;money with wings..closed mailbox with raised flag
1F4EC..1F4ED; Emoji;ğŸ“¬..ğŸ“­;open mailbox with raised flag..open mailbox with lowered flag
1F4EE; Emoji;ğŸ“®;postbox
1F4EF; Emoji;ğŸ“¯;postal horn
1F4F0..1F4F4; Emoji;ğŸ“°..ğŸ“´;newspaper..mobile phone off
1F4F5; Emoji;ğŸ“µ;no mobile phones
1F4F6..1F4F7; Emoji;ğŸ“¶..ğŸ“·;antenna bars..camera
1F4F8; Emoji;ğŸ“¸;camera with flash
1F4F9..1F4FC; Emoji;ğŸ“¹..ğŸ“¼;video camera..videocassette
1F4FD; Emoji;ğŸ“½ï¸;film projector
1F4FF..1F502; Emoji;ğŸ“¿..ğŸ”‚;prayer beads..repeat single button
1F503; Emoji;ğŸ”ƒ;clockwise vertical arrows
1F504..1F507; Emoji;ğŸ”„..ğŸ”‡;counterclockwise arrows button..muted speaker
1F508; Emoji;ğŸ”ˆ;speaker low volume
1F509; Emoji;ğŸ”‰;speaker medium volume
1F50A..1F514; Emoji;ğŸ”Š..ğŸ””;speaker high volume..bell
1F515; Emoji;ğŸ”•;bell with slash
1F516..1F52B; Emoji;ğŸ”–..ğŸ”«;bookmark..pistol
1F52C..1F52D; Emoji;ğŸ”¬..ğŸ”­;microscope..telescope
1F52E..1F53D; Emoji;ğŸ”®..ğŸ”½;crystal ball..downwards button
1F549..1F54A; Emoji;ğŸ•‰ï¸..ğŸ•Šï¸;om..dove
1F54B..1F54E; Emoji;ğŸ•‹..ğŸ•;kaaba..menorah
1F550..1F55B; Emoji;ğŸ•..ğŸ•›;one oâ€™clock..twelve oâ€™clock
1F55C..1F567; Emoji;ğŸ•œ..ğŸ•§;one-thirty..twelve-thirty
1F56F..1F570; Emoji;ğŸ•¯ï¸..ğŸ•°ï¸;candle..mantelpiece clock
1F573..1F579; Emoji;ğŸ•³ï¸..ğŸ•¹ï¸;hole..joystick
1F57A; Emoji;ğŸ•º;man dancing
1F587; Emoji;ğŸ–‡ï¸;linked paperclips
1F58A..1F58D; Emoji;ğŸ–Šï¸..ğŸ–ï¸;pen..crayon
1F590; Emoji;ğŸ–ï¸;hand with fingers splayed
1F595..1F596; Emoji;ğŸ–•..ğŸ––;middle finger..vulcan salute
1F5A4; Emoji;ğŸ–¤;black heart
1F5A5; Emoji;ğŸ–¥ï¸;desktop computer
1F5A8; Emoji;ğŸ–¨ï¸;printer
1F5B1..1F5B2; Emoji;ğŸ–±ï¸..ğŸ–²ï¸;computer mouse..trackball
1F5BC; Emoji;ğŸ–¼ï¸;framed picture
1F5C2..1F5C4; Emoji;ğŸ—‚ï¸..ğŸ—„ï¸;card index dividers..file cabinet
1F5D1..1F5D3; Emoji;ğŸ—‘ï¸..ğŸ—“ï¸;wastebasket..spiral calendar
1F5DC..1F5DE; Emoji;ğŸ—œï¸..ğŸ—ï¸;clamp..rolled-up newspaper
1F5E1; Emoji;ğŸ—¡ï¸;dagger
1F5E3; Emoji;ğŸ—£ï¸;speaking head
1F5E8; Emoji;ğŸ—¨ï¸;left speech bubble
1F5EF; Emoji;ğŸ—¯ï¸;right anger bubble
1F5F3; Emoji;ğŸ—³ï¸;ballot box with ballot
1F5FA; Emoji;ğŸ—ºï¸;world map
1F5FB..1F5FF; Emoji;ğŸ—»..ğŸ—¿;mount fuji..moai
1F600; Emoji;ğŸ˜€;grinning face
1F601..1F606; Emoji;ğŸ˜..ğŸ˜†;beaming face with smiling eyes..grinning squinting face
1F607..1F608; Emoji;ğŸ˜‡..ğŸ˜ˆ;smiling face with halo..smiling face with horns
1F609..1F60D; Emoji;ğŸ˜‰..ğŸ˜;winking face..smiling face with heart-eyes
1F60E; Emoji;ğŸ˜;smiling face with sunglasses
1F60F; Emoji;ğŸ˜;smirking face
1F610; Emoji;ğŸ˜;neutral face
1F611; Emoji;ğŸ˜‘;expressionless face
1F612..1F614; Emoji;ğŸ˜’..ğŸ˜”;unamused face..pensive face
1F615; Emoji;ğŸ˜•;confused face
1F616; Emoji;ğŸ˜–;confounded face
1F617; Emoji;ğŸ˜—;kissing face
1F618; Emoji;ğŸ˜˜;face blowing a kiss
1F619; Emoji;ğŸ˜™;kissing face with smiling eyes
1F61A; Emoji;ğŸ˜š;kissing face with closed eyes
1F61B; Emoji;ğŸ˜›;face with tongue
1F61C..1F61E; Emoji;ğŸ˜œ..ğŸ˜;winking face with tongue..disappointed face
1F61F; Emoji;ğŸ˜Ÿ;worried face
1F620..1F625; Emoji;ğŸ˜ ..ğŸ˜¥;angry face..sad but relieved face
1F626..1F627; Emoji;ğŸ˜¦..ğŸ˜§;frowning face with open mouth..anguished face
1F628..1F62B; Emoji;ğŸ˜¨..ğŸ˜«;fearful face..tired face
1F62C; Emoji;ğŸ˜¬;grimacing face
1F62D; Emoji;ğŸ˜­;loudly crying face
1F62E..1F62F; Emoji;ğŸ˜®..ğŸ˜¯;face with open mouth..hushed face
1F630..1F633; Emoji;ğŸ˜°..ğŸ˜³;anxious face with sweat..flushed face
1F634; Emoji;ğŸ˜´;sleeping face
1F635; Emoji;ğŸ˜µ;dizzy face
1F636; Emoji;ğŸ˜¶;face without mouth
1F637..1F640; Emoji;ğŸ˜·..ğŸ™€;face with medical mask..weary cat
1F641..1F644; Emoji;ğŸ™..ğŸ™„;slightly frowning face..face with rolling eyes
1F645..1F64F; Emoji;ğŸ™…..ğŸ™;person gesturing NO..folded hands
1F680; Emoji;ğŸš€;rocket
1F681..1F682; Emoji;ğŸš..ğŸš‚;helicopter..locomotive
1F683..1F685; Emoji;ğŸšƒ..ğŸš…;railway car..bullet train
1F686; Emoji;ğŸš†;train
1F687; Emoji;ğŸš‡;metro
1F688; Emoji;ğŸšˆ;light rail
1F689; Emoji;ğŸš‰;station
1F68A..1F68B; Emoji;ğŸšŠ..ğŸš‹;tram..tram car
1F68C; Emoji;ğŸšŒ;bus
1F68D; Emoji;ğŸš;oncoming bus
1F68E; Emoji;ğŸš;trolleybus
1F68F; Emoji;ğŸš;bus stop
1F690; Emoji;ğŸš;minibus
1F691..1F693; Emoji;ğŸš‘..ğŸš“;ambulance..police car
1F694; Emoji;ğŸš”;oncoming police car
1F695; Emoji;ğŸš•;taxi
1F696; Emoji;ğŸš–;oncoming taxi
1F697; Emoji;ğŸš—;automobile
1F698; Emoji;ğŸš˜;oncoming automobile
1F699..1F69A; Emoji;ğŸš™..ğŸšš;sport utility vehicle..delivery truck
1F69B..1F6A1; Emoji;ğŸš›..ğŸš¡;articulated lorry..aerial tramway
1F6A2; Emoji;ğŸš¢;ship
1F6A3; Emoji;ğŸš£;person rowing boat
1F6A4..1F6A5; Emoji;ğŸš¤..ğŸš¥;speedboat..horizontal traffic light
1F6A6; Emoji;ğŸš¦;vertical traffic light
1F6A7..1F6AD; Emoji;ğŸš§..ğŸš­;construction..no smoking
1F6AE..1F6B1; Emoji;ğŸš®..ğŸš±;litter in bin sign..non-potable water
1F6B2; Emoji;ğŸš²;bicycle
1F6B3..1F6B5; Emoji;ğŸš³..ğŸšµ;no bicycles..person mountain biking
1F6B6; Emoji;ğŸš¶;person walking
1F6B7..1F6B8; Emoji;ğŸš·..ğŸš¸;no pedestrians..children crossing
1F6B9..1F6BE; Emoji;ğŸš¹..ğŸš¾;menâ€™s room..water closet
1F6BF; Emoji;ğŸš¿;shower
1F6C0; Emoji;ğŸ›€;person taking bath
1F6C1..1F6C5; Emoji;ğŸ›..ğŸ›…;bathtub..left luggage
1F6CB; Emoji;ğŸ›‹ï¸;couch and lamp
1F6CC; Emoji;ğŸ›Œ;person in bed
1F6CD..1F6CF; Emoji;ğŸ›ï¸..ğŸ›ï¸;shopping bags..bed
1F6D0; Emoji;ğŸ›;place of worship
1F6D1..1F6D2; Emoji;ğŸ›‘..ğŸ›’;stop sign..shopping cart
1F6D5; Emoji;ğŸ›•;hindu temple
1F6D6..1F6D7; Emoji;ğŸ›–..ğŸ›—;hut..elevator
1F6E0..1F6E5; Emoji;ğŸ› ï¸..ğŸ›¥ï¸;hammer and wrench..motor boat
1F6E9; Emoji;ğŸ›©ï¸;small airplane
1F6EB..1F6EC; Emoji;ğŸ›«..ğŸ›¬;airplane departure..airplane arrival
1F6F0; Emoji;ğŸ›°ï¸;satellite
1F6F3; Emoji;ğŸ›³ï¸;passenger ship
1F6F4..1F6F6; Emoji;ğŸ›´..ğŸ›¶;kick scooter..canoe
1F6F7..1F6F8; Emoji;ğŸ›·..ğŸ›¸;sled..flying saucer
1F6F9; Emoji;ğŸ›¹;skateboard
1F6FA; Emoji;ğŸ›º;auto rickshaw
1F6FB..1F6FC; Emoji;ğŸ›»..ğŸ›¼;pickup truck..roller skate
1F7E0..1F7EB; Emoji;ğŸŸ ..ğŸŸ«;orange circle..brown square
1F90C; Emoji;ğŸ¤Œ;pinched fingers
1F90D..1F90F; Emoji;ğŸ¤..ğŸ¤;white heart..pinching hand
1F910..1F918; Emoji;ğŸ¤..ğŸ¤˜;zipper-mouth face..sign of the horns
1F919..1F91E; Emoji;ğŸ¤™..ğŸ¤;call me hand..crossed fingers
1F91F; Emoji;ğŸ¤Ÿ;love-you gesture
1F920..1F927; Emoji;ğŸ¤ ..ğŸ¤§;cowboy hat face..sneezing face
1F928..1F92F; Emoji;ğŸ¤¨..ğŸ¤¯;face with raised eyebrow..exploding head
1F930; Emoji;ğŸ¤°;pregnant woman
1F931..1F932; Emoji;ğŸ¤±..ğŸ¤²;breast-feeding..palms up together
1F933..1F93A; Emoji;ğŸ¤³..ğŸ¤º;selfie..person fencing
1F93C..1F93E; Emoji;ğŸ¤¼..ğŸ¤¾;people wrestling..person playing handball
1F93F; Emoji;ğŸ¤¿;diving mask
1F940..1F945; Emoji;ğŸ¥€..ğŸ¥…;wilted flower..goal net
1F947..1F94B; Emoji;ğŸ¥‡..ğŸ¥‹;1st place medal..martial arts uniform
1F94C; Emoji;ğŸ¥Œ;curling stone
1F94D..1F94F; Emoji;ğŸ¥..ğŸ¥;lacrosse..flying disc
1F950..1F95E; Emoji;ğŸ¥..ğŸ¥;croissant..pancakes
1F95F..1F96B; Emoji;ğŸ¥Ÿ..ğŸ¥«;dumpling..canned food
1F96C..1F970; Emoji;ğŸ¥¬..ğŸ¥°;leafy green..smiling face with hearts
1F971; Emoji;ğŸ¥±;yawning face
1F972; Emoji;ğŸ¥²;smiling face with tear
1F973..1F976; Emoji;ğŸ¥³..ğŸ¥¶;partying face..cold face
1F977..1F978; Emoji;ğŸ¥·..ğŸ¥¸;ninja..disguised face
1F97A; Emoji;ğŸ¥º;pleading face
1F97B; Emoji;ğŸ¥»;sari
1F97C..1F97F; Emoji;ğŸ¥¼..ğŸ¥¿;lab coat..flat shoe
1F980..1F984; Emoji;ğŸ¦€..ğŸ¦„;crab..unicorn
1F985..1F991; Emoji;ğŸ¦…..ğŸ¦‘;eagle..squid
1F992..1F997; Emoji;ğŸ¦’..ğŸ¦—;giraffe..cricket
1F998..1F9A2; Emoji;ğŸ¦˜..ğŸ¦¢;kangaroo..swan
1F9A3..1F9A4; Emoji;ğŸ¦£..ğŸ¦¤;mammoth..dodo
1F9A5..1F9AA; Emoji;ğŸ¦¥..ğŸ¦ª;sloth..oyster
1F9AB..1F9AD; Emoji;ğŸ¦«..ğŸ¦­;beaver..seal
1F9AE..1F9AF; Emoji;ğŸ¦®..ğŸ¦¯;guide dog..white cane
1F9B0..1F9B9; Emoji;ğŸ¦°..ğŸ¦¹;red hair..supervillain
1F9BA..1F9BF; Emoji;ğŸ¦º..ğŸ¦¿;safety vest..mechanical leg
1F9C0; Emoji;ğŸ§€;cheese wedge
1F9C1..1F9C2; Emoji;ğŸ§..ğŸ§‚;cupcake..salt
1F9C3..1F9CA; Emoji;ğŸ§ƒ..ğŸ§Š;beverage box..ice
1F9CB; Emoji;ğŸ§‹;bubble tea
1F9CD..1F9CF; Emoji;ğŸ§..ğŸ§;person standing..deaf person
1F9D0..1F9E6; Emoji;ğŸ§..ğŸ§¦;face with monocle..socks
1F9E7..1F9FF; Emoji;ğŸ§§..ğŸ§¿;red envelope..nazar amulet
1FA70..1FA73; Emoji;ğŸ©°..ğŸ©³;ballet shoes..shorts
1FA74; Emoji;ğŸ©´;thong sandal
1FA78..1FA7A; Emoji;ğŸ©¸..ğŸ©º;drop of blood..stethoscope
1FA80..1FA82; Emoji;ğŸª€..ğŸª‚;yo-yo..parachute
1FA83..1FA86; Emoji;ğŸªƒ..ğŸª†;boomerang..nesting dolls
1FA90..1FA95; Emoji;ğŸª..ğŸª•;ringed planet..banjo
1FA96..1FAA8; Emoji;ğŸª–..ğŸª¨;military helmet..rock
1FAB0..1FAB6; Emoji;ğŸª°..ğŸª¶;fly..feather
1FAC0..1FAC2; Emoji;ğŸ«€..ğŸ«‚;anatomical heart..people hugging
1FAD0..1FAD6; Emoji;ğŸ«..ğŸ«–;blueberries..teapot
231A..231B; Emoji;âŒš..âŒ›;watch..hourglass done
23E9..23EC; Emoji;â©..â¬;fast-forward button..fast down button
23F0; Emoji;â°;alarm clock
23F3; Emoji;â³;hourglass not done
25FD..25FE; Emoji;â—½..â—¾;white medium-small square..black medium-small square
2614..2615; Emoji;â˜”..â˜•;umbrella with rain drops..hot beverage
2648..2653; Emoji;â™ˆ..â™“;Aries..Pisces
267F; Emoji;â™¿;wheelchair symbol
2693; Emoji;âš“;anchor
26A1; Emoji;âš¡;high voltage
26AA..26AB; Emoji;âšª..âš«;white circle..black circle
26BD..26BE; Emoji;âš½..âš¾;soccer ball..baseball
26C4..26C5; Emoji;â›„..â›…;snowman without snow..sun behind cloud
26CE; Emoji;â›;Ophiuchus
26D4; Emoji;â›”;no entry
26EA; Emoji;â›ª;church
26F2..26F3; Emoji;â›²..â›³;fountain..flag in hole
26F5; Emoji;â›µ;sailboat
26FA; Emoji;â›º;tent
26FD; Emoji;â›½;fuel pump
2705; Emoji;âœ…;check mark button
270A..270B; Emoji;âœŠ..âœ‹;raised fist..raised hand
2728; Emoji;âœ¨;sparkles
274C; Emoji;âŒ;cross mark
274E; Emoji;â;cross mark button
2753..2755; Emoji;â“..â•;question mark..white exclamation mark
2757; Emoji;â—;exclamation mark
2795..2797; Emoji;â•..â—;plus..divide
27B0; Emoji;â°;curly loop
27BF; Emoji;â¿;double curly loop
2B1B..2B1C; Emoji;â¬›..â¬œ;black large square..white large square
2B50; Emoji;â­;star
2B55; Emoji;â­•;hollow red circle
1F004; Emoji;ğŸ€„;mahjong red dragon
1F0CF; Emoji;ğŸƒ;joker
1F18E; Emoji;ğŸ†;AB button (blood type)
1F191..1F19A; Emoji;ğŸ†‘..ğŸ†š;CL button..VS button
1F1E6..1F1FF; Emoji;ğŸ‡¦..ğŸ‡¿;regional indicator symbol letter a..regional indicator symbol letter z
1F201; Emoji;ğŸˆ;Japanese â€œhereâ€ button
1F21A; Emoji;ğŸˆš;Japanese â€œfree of chargeâ€ button
1F22F; Emoji;ğŸˆ¯;Japanese â€œreservedâ€ button
1F232..1F236; Emoji;ğŸˆ²..ğŸˆ¶;Japanese â€œprohibitedâ€ button..Japanese â€œnot free of chargeâ€ button
1F238..1F23A; Emoji;ğŸˆ¸..ğŸˆº;Japanese â€œapplicationâ€ button..Japanese â€œopen for businessâ€ button
1F250..1F251; Emoji;ğŸ‰..ğŸ‰‘;Japanese â€œbargainâ€ button..Japanese â€œacceptableâ€ button
1F300..1F30C; Emoji;ğŸŒ€..ğŸŒŒ;cyclone..milky way
1F30D..1F30E; Emoji;ğŸŒ..ğŸŒ;globe showing Europe-Africa..globe showing Americas
1F30F; Emoji;ğŸŒ;globe showing Asia-Australia
1F310; Emoji;ğŸŒ;globe with meridians
1F311; Emoji;ğŸŒ‘;new moon
1F312; Emoji;ğŸŒ’;waxing crescent moon
1F313..1F315; Emoji;ğŸŒ“..ğŸŒ•;first quarter moon..full moon
1F316..1F318; Emoji;ğŸŒ–..ğŸŒ˜;waning gibbous moon..waning crescent moon
1F319; Emoji;ğŸŒ™;crescent moon
1F31A; Emoji;ğŸŒš;new moon face
1F31B; Emoji;ğŸŒ›;first quarter moon face
1F31C; Emoji;ğŸŒœ;last quarter moon face
1F31D..1F31E; Emoji;ğŸŒ..ğŸŒ;full moon face..sun with face
1F31F..1F320; Emoji;ğŸŒŸ..ğŸŒ ;glowing star..shooting star
1F32D..1F32F; Emoji;ğŸŒ­..ğŸŒ¯;hot dog..burrito
1F330..1F331; Emoji;ğŸŒ°..ğŸŒ±;chestnut..seedling
1F332..1F333; Emoji;ğŸŒ²..ğŸŒ³;evergreen tree..deciduous tree
1F334..1F335; Emoji;ğŸŒ´..ğŸŒµ;palm tree..cactus
1F337..1F34A; Emoji;ğŸŒ·..ğŸŠ;tulip..tangerine
1F34B; Emoji;ğŸ‹;lemon
1F34C..1F34F; Emoji;ğŸŒ..ğŸ;banana..green apple
1F350; Emoji;ğŸ;pear
1F351..1F37B; Emoji;ğŸ‘..ğŸ»;peach..clinking beer mugs
1F37C; Emoji;ğŸ¼;baby bottle
1F37E..1F37F; Emoji;ğŸ¾..ğŸ¿;bottle with popping cork..popcorn
1F380..1F393; Emoji;ğŸ€..ğŸ“;ribbon..graduation cap
1F3A0..1F3C4; Emoji;ğŸ ..ğŸ„;carousel horse..person surfing
1F3C5; Emoji;ğŸ…;sports medal
1F3C6; Emoji;ğŸ†;trophy
1F3C7; Emoji;ğŸ‡;horse racing
1F3C8; Emoji;ğŸˆ;american football
1F3C9; Emoji;ğŸ‰;rugby football
1F3CA; Emoji;ğŸŠ;person swimming
1F3CF..1F3D3; Emoji;ğŸ..ğŸ“;cricket game..ping pong
1F3E0..1F3E3; Emoji;ğŸ ..ğŸ£;house..Japanese post office
1F3E4; Emoji;ğŸ¤;post office
1F3E5..1F3F0; Emoji;ğŸ¥..ğŸ°;hospital..castle
1F3F4; Emoji;ğŸ´;black flag
1F3F8..1F407; Emoji;ğŸ¸..ğŸ‡;badminton..rabbit
1F408; Emoji;ğŸˆ;cat
1F409..1F40B; Emoji;ğŸ‰..ğŸ‹;dragon..whale
1F40C..1F40E; Emoji;ğŸŒ..ğŸ;snail..horse
1F40F..1F410; Emoji;ğŸ..ğŸ;ram..goat
1F411..1F412; Emoji;ğŸ‘..ğŸ’;ewe..monkey
1F413; Emoji;ğŸ“;rooster
1F414; Emoji;ğŸ”;chicken
1F415; Emoji;ğŸ•;dog
1F416; Emoji;ğŸ–;pig
1F417..1F429; Emoji;ğŸ—..ğŸ©;boar..poodle
1F42A; Emoji;ğŸª;camel
1F42B..1F43E; Emoji;ğŸ«..ğŸ¾;two-hump camel..paw prints
1F440; Emoji;ğŸ‘€;eyes
1F442..1F464; Emoji;ğŸ‘‚..ğŸ‘¤;ear..bust in silhouette
1F465; Emoji;ğŸ‘¥;busts in silhouette
1F466..1F46B; Emoji;ğŸ‘¦..ğŸ‘«;boy..woman and man holding hands
1F46C..1F46D; Emoji;ğŸ‘¬..ğŸ‘­;men holding hands..women holding hands
1F46E..1F4AC; Emoji;ğŸ‘®..ğŸ’¬;police officer..speech balloon
1F4AD; Emoji;ğŸ’­;thought balloon
1F4AE..1F4B5; Emoji;ğŸ’®..ğŸ’µ;white flower..dollar banknote
1F4B6..1F4B7; Emoji;ğŸ’¶..ğŸ’·;euro banknote..pound banknote
1F4B8..1F4EB; Emoji;ğŸ’¸..ğŸ“«;money with wings..closed mailbox with raised flag
1F4EC..1F4ED; Emoji;ğŸ“¬..ğŸ“­;open mailbox with raised flag..open mailbox with lowered flag
1F4EE; Emoji;ğŸ“®;postbox
1F4EF; Emoji;ğŸ“¯;postal horn
1F4F0..1F4F4; Emoji;ğŸ“°..ğŸ“´;newspaper..mobile phone off
1F4F5; Emoji;ğŸ“µ;no mobile phones
1F4F6..1F4F7; Emoji;ğŸ“¶..ğŸ“·;antenna bars..camera
1F4F8; Emoji;ğŸ“¸;camera with flash
1F4F9..1F4FC; Emoji;ğŸ“¹..ğŸ“¼;video camera..videocassette
1F4FF..1F502; Emoji;ğŸ“¿..ğŸ”‚;prayer beads..repeat single button
1F503; Emoji;ğŸ”ƒ;clockwise vertical arrows
1F504..1F507; Emoji;ğŸ”„..ğŸ”‡;counterclockwise arrows button..muted speaker
1F508; Emoji;ğŸ”ˆ;speaker low volume
1F509; Emoji;ğŸ”‰;speaker medium volume
1F50A..1F514; Emoji;ğŸ”Š..ğŸ””;speaker high volume..bell
1F515; Emoji;ğŸ”•;bell with slash
1F516..1F52B; Emoji;ğŸ”–..ğŸ”«;bookmark..pistol
1F52C..1F52D; Emoji;ğŸ”¬..ğŸ”­;microscope..telescope
1F52E..1F53D; Emoji;ğŸ”®..ğŸ”½;crystal ball..downwards button
1F54B..1F54E; Emoji;ğŸ•‹..ğŸ•;kaaba..menorah
1F550..1F55B; Emoji;ğŸ•..ğŸ•›;one oâ€™clock..twelve oâ€™clock
1F55C..1F567; Emoji;ğŸ•œ..ğŸ•§;one-thirty..twelve-thirty
1F57A; Emoji;ğŸ•º;man dancing
1F595..1F596; Emoji;ğŸ–•..ğŸ––;middle finger..vulcan salute
1F5A4; Emoji;ğŸ–¤;black heart
1F5FB..1F5FF; Emoji;ğŸ—»..ğŸ—¿;mount fuji..moai
1F600; Emoji;ğŸ˜€;grinning face
1F601..1F606; Emoji;ğŸ˜..ğŸ˜†;beaming face with smiling eyes..grinning squinting face
1F607..1F608; Emoji;ğŸ˜‡..ğŸ˜ˆ;smiling face with halo..smiling face with horns
1F609..1F60D; Emoji;ğŸ˜‰..ğŸ˜;winking face..smiling face with heart-eyes
1F60E; Emoji;ğŸ˜;smiling face with sunglasses
1F60F; Emoji;ğŸ˜;smirking face
1F610; Emoji;ğŸ˜;neutral face
1F611; Emoji;ğŸ˜‘;expressionless face
1F612..1F614; Emoji;ğŸ˜’..ğŸ˜”;unamused face..pensive face
1F615; Emoji;ğŸ˜•;confused face
1F616; Emoji;ğŸ˜–;confounded face
1F617; Emoji;ğŸ˜—;kissing face
1F618; Emoji;ğŸ˜˜;face blowing a kiss
1F619; Emoji;ğŸ˜™;kissing face with smiling eyes
1F61A; Emoji;ğŸ˜š;kissing face with closed eyes
1F61B; Emoji;ğŸ˜›;face with tongue
1F61C..1F61E; Emoji;ğŸ˜œ..ğŸ˜;winking face with tongue..disappointed face
1F61F; Emoji;ğŸ˜Ÿ;worried face
1F620..1F625; Emoji;ğŸ˜ ..ğŸ˜¥;angry face..sad but relieved face
1F626..1F627; Emoji;ğŸ˜¦..ğŸ˜§;frowning face with open mouth..anguished face
1F628..1F62B; Emoji;ğŸ˜¨..ğŸ˜«;fearful face..tired face
1F62C; Emoji;ğŸ˜¬;grimacing face
1F62D; Emoji;ğŸ˜­;loudly crying face
1F62E..1F62F; Emoji;ğŸ˜®..ğŸ˜¯;face with open mouth..hushed face
1F630..1F633; Emoji;ğŸ˜°..ğŸ˜³;anxious face with sweat..flushed face
1F634; Emoji;ğŸ˜´;sleeping face
1F635; Emoji;ğŸ˜µ;dizzy face
1F636; Emoji;ğŸ˜¶;face without mouth
1F637..1F640; Emoji;ğŸ˜·..ğŸ™€;face with medical mask..weary cat
1F641..1F644; Emoji;ğŸ™..ğŸ™„;slightly frowning face..face with rolling eyes
1F645..1F64F; Emoji;ğŸ™…..ğŸ™;person gesturing NO..folded hands
1F680; Emoji;ğŸš€;rocket
1F681..1F682; Emoji;ğŸš..ğŸš‚;helicopter..locomotive
1F683..1F685; Emoji;ğŸšƒ..ğŸš…;railway car..bullet train
1F686; Emoji;ğŸš†;train
1F687; Emoji;ğŸš‡;metro
1F688; Emoji;ğŸšˆ;light rail
1F689; Emoji;ğŸš‰;station
1F68A..1F68B; Emoji;ğŸšŠ..ğŸš‹;tram..tram car
1F68C; Emoji;ğŸšŒ;bus
1F68D; Emoji;ğŸš;oncoming bus
1F68E; Emoji;ğŸš;trolleybus
1F68F; Emoji;ğŸš;bus stop
1F690; Emoji;ğŸš;minibus
1F691..1F693; Emoji;ğŸš‘..ğŸš“;ambulance..police car
1F694; Emoji;ğŸš”;oncoming police car
1F695; Emoji;ğŸš•;taxi
1F696; Emoji;ğŸš–;oncoming taxi
1F697; Emoji;ğŸš—;automobile
1F698; Emoji;ğŸš˜;oncoming automobile
1F699..1F69A; Emoji;ğŸš™..ğŸšš;sport utility vehicle..delivery truck
1F69B..1F6A1; Emoji;ğŸš›..ğŸš¡;articulated lorry..aerial tramway
1F6A2; Emoji;ğŸš¢;ship
1F6A3; Emoji;ğŸš£;person rowing boat
1F6A4..1F6A5; Emoji;ğŸš¤..ğŸš¥;speedboat..horizontal traffic light
1F6A6; Emoji;ğŸš¦;vertical traffic light
1F6A7..1F6AD; Emoji;ğŸš§..ğŸš­;construction..no smoking
1F6AE..1F6B1; Emoji;ğŸš®..ğŸš±;litter in bin sign..non-potable water
1F6B2; Emoji;ğŸš²;bicycle
1F6B3..1F6B5; Emoji;ğŸš³..ğŸšµ;no bicycles..person mountain biking
1F6B6; Emoji;ğŸš¶;person walking
1F6B7..1F6B8; Emoji;ğŸš·..ğŸš¸;no pedestrians..children crossing
1F6B9..1F6BE; Emoji;ğŸš¹..ğŸš¾;menâ€™s room..water closet
1F6BF; Emoji;ğŸš¿;shower
1F6C0; Emoji;ğŸ›€;person taking bath
1F6C1..1F6C5; Emoji;ğŸ›..ğŸ›…;bathtub..left luggage
1F6CC; Emoji;ğŸ›Œ;person in bed
1F6D0; Emoji;ğŸ›;place of worship
1F6D1..1F6D2; Emoji;ğŸ›‘..ğŸ›’;stop sign..shopping cart
1F6D5; Emoji;ğŸ›•;hindu temple
1F6D6..1F6D7; Emoji;ğŸ›–..ğŸ›—;hut..elevator
1F6EB..1F6EC; Emoji;ğŸ›«..ğŸ›¬;airplane departure..airplane arrival
1F6F4..1F6F6; Emoji;ğŸ›´..ğŸ›¶;kick scooter..canoe
1F6F7..1F6F8; Emoji;ğŸ›·..ğŸ›¸;sled..flying saucer
1F6F9; Emoji;ğŸ›¹;skateboard
1F6FA; Emoji;ğŸ›º;auto rickshaw
1F6FB..1F6FC; Emoji;ğŸ›»..ğŸ›¼;pickup truck..roller skate
1F7E0..1F7EB; Emoji;ğŸŸ ..ğŸŸ«;orange circle..brown square
1F90C; Emoji;ğŸ¤Œ;pinched fingers
1F90D..1F90F; Emoji;ğŸ¤..ğŸ¤;white heart..pinching hand
1F910..1F918; Emoji;ğŸ¤..ğŸ¤˜;zipper-mouth face..sign of the horns
1F919..1F91E; Emoji;ğŸ¤™..ğŸ¤;call me hand..crossed fingers
1F91F; Emoji;ğŸ¤Ÿ;love-you gesture
1F920..1F927; Emoji;ğŸ¤ ..ğŸ¤§;cowboy hat face..sneezing face
1F928..1F92F; Emoji;ğŸ¤¨..ğŸ¤¯;face with raised eyebrow..exploding head
1F930; Emoji;ğŸ¤°;pregnant woman
1F931..1F932; Emoji;ğŸ¤±..ğŸ¤²;breast-feeding..palms up together
1F933..1F93A; Emoji;ğŸ¤³..ğŸ¤º;selfie..person fencing
1F93C..1F93E; Emoji;ğŸ¤¼..ğŸ¤¾;people wrestling..person playing handball
1F93F; Emoji;ğŸ¤¿;diving mask
1F940..1F945; Emoji;ğŸ¥€..ğŸ¥…;wilted flower..goal net
1F947..1F94B; Emoji;ğŸ¥‡..ğŸ¥‹;1st place medal..martial arts uniform
1F94C; Emoji;ğŸ¥Œ;curling stone
1F94D..1F94F; Emoji;ğŸ¥..ğŸ¥;lacrosse..flying disc
1F950..1F95E; Emoji;ğŸ¥..ğŸ¥;croissant..pancakes
1F95F..1F96B; Emoji;ğŸ¥Ÿ..ğŸ¥«;dumpling..canned food
1F96C..1F970; Emoji;ğŸ¥¬..ğŸ¥°;leafy green..smiling face with hearts
1F971; Emoji;ğŸ¥±;yawning face
1F972; Emoji;ğŸ¥²;smiling face with tear
1F973..1F976; Emoji;ğŸ¥³..ğŸ¥¶;partying face..cold face
1F977..1F978; Emoji;ğŸ¥·..ğŸ¥¸;ninja..disguised face
1F97A; Emoji;ğŸ¥º;pleading face
1F97B; Emoji;ğŸ¥»;sari
1F97C..1F97F; Emoji;ğŸ¥¼..ğŸ¥¿;lab coat..flat shoe
1F980..1F984; Emoji;ğŸ¦€..ğŸ¦„;crab..unicorn
1F985..1F991; Emoji;ğŸ¦…..ğŸ¦‘;eagle..squid
1F992..1F997; Emoji;ğŸ¦’..ğŸ¦—;giraffe..cricket
1F998..1F9A2; Emoji;ğŸ¦˜..ğŸ¦¢;kangaroo..swan
1F9A3..1F9A4; Emoji;ğŸ¦£..ğŸ¦¤;mammoth..dodo
1F9A5..1F9AA; Emoji;ğŸ¦¥..ğŸ¦ª;sloth..oyster
1F9AB..1F9AD; Emoji;ğŸ¦«..ğŸ¦­;beaver..seal
1F9AE..1F9AF; Emoji;ğŸ¦®..ğŸ¦¯;guide dog..white cane
1F9B0..1F9B9; Emoji;ğŸ¦°..ğŸ¦¹;red hair..supervillain
1F9BA..1F9BF; Emoji;ğŸ¦º..ğŸ¦¿;safety vest..mechanical leg
1F9C0; Emoji;ğŸ§€;cheese wedge
1F9C1..1F9C2; Emoji;ğŸ§..ğŸ§‚;cupcake..salt
1F9C3..1F9CA; Emoji;ğŸ§ƒ..ğŸ§Š;beverage box..ice
1F9CB; Emoji;ğŸ§‹;bubble tea
1F9CD..1F9CF; Emoji;ğŸ§..ğŸ§;person standing..deaf person
1F9D0..1F9E6; Emoji;ğŸ§..ğŸ§¦;face with monocle..socks
1F9E7..1F9FF; Emoji;ğŸ§§..ğŸ§¿;red envelope..nazar amulet
1FA70..1FA73; Emoji;ğŸ©°..ğŸ©³;ballet shoes..shorts
1FA74; Emoji;ğŸ©´;thong sandal
1FA78..1FA7A; Emoji;ğŸ©¸..ğŸ©º;drop of blood..stethoscope
1FA80..1FA82; Emoji;ğŸª€..ğŸª‚;yo-yo..parachute
1FA83..1FA86; Emoji;ğŸªƒ..ğŸª†;boomerang..nesting dolls
1FA90..1FA95; Emoji;ğŸª..ğŸª•;ringed planet..banjo
1FA96..1FAA8; Emoji;ğŸª–..ğŸª¨;military helmet..rock
1FAB0..1FAB6; Emoji;ğŸª°..ğŸª¶;fly..feather
1FAC0..1FAC2; Emoji;ğŸ«€..ğŸ«‚;anatomical heart..people hugging
1FAD0..1FAD6; Emoji;ğŸ«..ğŸ«–;blueberries..teapot
1F3FB..1F3FF; Emoji;ğŸ»..ğŸ¿;light skin tone..dark skin tone
261D; Emoji;â˜ï¸;index pointing up
26F9; Emoji;â›¹ï¸;person bouncing ball
270A..270C; Emoji;âœŠ..âœŒï¸;raised fist..victory hand
270D; Emoji;âœï¸;writing hand
1F385; Emoji;ğŸ…;Santa Claus
1F3C2..1F3C4; Emoji;ğŸ‚..ğŸ„;snowboarder..person surfing
1F3C7; Emoji;ğŸ‡;horse racing
1F3CA; Emoji;ğŸŠ;person swimming
1F3CB..1F3CC; Emoji;ğŸ‹ï¸..ğŸŒï¸;person lifting weights..person golfing
1F442..1F443; Emoji;ğŸ‘‚..ğŸ‘ƒ;ear..nose
1F446..1F450; Emoji;ğŸ‘†..ğŸ‘;backhand index pointing up..open hands
1F466..1F46B; Emoji;ğŸ‘¦..ğŸ‘«;boy..woman and man holding hands
1F46C..1F46D; Emoji;ğŸ‘¬..ğŸ‘­;men holding hands..women holding hands
1F46E..1F478; Emoji;ğŸ‘®..ğŸ‘¸;police officer..princess
1F47C; Emoji;ğŸ‘¼;baby angel
1F481..1F483; Emoji;ğŸ’..ğŸ’ƒ;person tipping hand..woman dancing
1F485..1F487; Emoji;ğŸ’…..ğŸ’‡;nail polish..person getting haircut
1F48F; Emoji;ğŸ’;kiss
1F491; Emoji;ğŸ’‘;couple with heart
1F4AA; Emoji;ğŸ’ª;flexed biceps
1F574..1F575; Emoji;ğŸ•´ï¸..ğŸ•µï¸;person in suit levitating..detective
1F57A; Emoji;ğŸ•º;man dancing
1F590; Emoji;ğŸ–ï¸;hand with fingers splayed
1F595..1F596; Emoji;ğŸ–•..ğŸ––;middle finger..vulcan salute
1F645..1F647; Emoji;ğŸ™…..ğŸ™‡;person gesturing NO..person bowing
1F64B..1F64F; Emoji;ğŸ™‹..ğŸ™;person raising hand..folded hands
1F6A3; Emoji;ğŸš£;person rowing boat
1F6B4..1F6B5; Emoji;ğŸš´..ğŸšµ;person biking..person mountain biking
1F6B6; Emoji;ğŸš¶;person walking
1F6C0; Emoji;ğŸ›€;person taking bath
1F6CC; Emoji;ğŸ›Œ;person in bed
1F90C; Emoji;ğŸ¤Œ;pinched fingers
1F90F; Emoji;ğŸ¤;pinching hand
1F918; Emoji;ğŸ¤˜;sign of the horns
1F919..1F91E; Emoji;ğŸ¤™..ğŸ¤;call me hand..crossed fingers
1F91F; Emoji;ğŸ¤Ÿ;love-you gesture
1F926; Emoji;ğŸ¤¦;person facepalming
1F930; Emoji;ğŸ¤°;pregnant woman
1F931..1F932; Emoji;ğŸ¤±..ğŸ¤²;breast-feeding..palms up together
1F933..1F939; Emoji;ğŸ¤³..ğŸ¤¹;selfie..person juggling
1F93C..1F93E; Emoji;ğŸ¤¼..ğŸ¤¾;people wrestling..person playing handball
1F977; Emoji;ğŸ¥·;ninja
1F9B5..1F9B6; Emoji;ğŸ¦µ..ğŸ¦¶;leg..foot
1F9B8..1F9B9; Emoji;ğŸ¦¸..ğŸ¦¹;superhero..supervillain
1F9BB; Emoji;ğŸ¦»;ear with hearing aid
1F9CD..1F9CF; Emoji;ğŸ§..ğŸ§;person standing..deaf person
1F9D1..1F9DD; Emoji;ğŸ§‘..ğŸ§;person..elf
0023; Emoji;#ï¸;number sign
002A; Emoji;*ï¸;asterisk
0030..0039; Emoji;0ï¸..9ï¸;digit zero..digit nine
200D; Emoji;â€;zero width joiner
20E3; Emoji;;combining enclosing keycap
FE0F; Emoji;;VARIATION SELECTOR-16
1F1E6..1F1FF; Emoji;ğŸ‡¦..ğŸ‡¿;regional indicator symbol letter a..regional indicator symbol letter z
1F3FB..1F3FF; Emoji;ğŸ»..ğŸ¿;light skin tone..dark skin tone
1F9B0..1F9B3; Emoji;ğŸ¦°..ğŸ¦³;red hair..white hair
E0020..E007F; Emoji;ó € ..ó ¿;tag space..cancel tag
00A9; Extended_Pi;Â©ï¸;copyright
00AE; Extended_Pi;Â®ï¸;registered
203C; Extended_Pi;â€¼ï¸;double exclamation mark
2049; Extended_Pi;â‰ï¸;exclamation question mark
2122; Extended_Pi;â„¢ï¸;trade mark
2139; Extended_Pi;â„¹ï¸;information
2194..2199; Extended_Pi;â†”ï¸..â†™ï¸;left-right arrow..down-left arrow
21A9..21AA; Extended_Pi;â†©ï¸..â†ªï¸;right arrow curving left..left arrow curving right
231A..231B; Extended_Pi;âŒš..âŒ›;watch..hourglass done
2328; Extended_Pi;âŒ¨ï¸;keyboard
2388; Extended_Pi;âˆ;HELM SYMBOL
23CF; Extended_Pi;âï¸;eject button
23E9..23EC; Extended_Pi;â©..â¬;fast-forward button..fast down button
23ED..23EE; Extended_Pi;â­ï¸..â®ï¸;next track button..last track button
23EF; Extended_Pi;â¯ï¸;play or pause button
23F0; Extended_Pi;â°;alarm clock
23F1..23F2; Extended_Pi;â±ï¸..â²ï¸;stopwatch..timer clock
23F3; Extended_Pi;â³;hourglass not done
23F8..23FA; Extended_Pi;â¸ï¸..âºï¸;pause button..record button
24C2; Extended_Pi;â“‚ï¸;circled M
25AA..25AB; Extended_Pi;â–ªï¸..â–«ï¸;black small square..white small square
25B6; Extended_Pi;â–¶ï¸;play button
25C0; Extended_Pi;â—€ï¸;reverse button
25FB..25FE; Extended_Pi;â—»ï¸..â—¾;white medium square..black medium-small square
2600..2601; Extended_Pi;â˜€ï¸..â˜ï¸;sun..cloud
2602..2603; Extended_Pi;â˜‚ï¸..â˜ƒï¸;umbrella..snowman
2604; Extended_Pi;â˜„ï¸;comet
2605; Extended_Pi;â˜…;BLACK STAR
2607..260D; Extended_Pi;â˜‡..â˜;LIGHTNING..OPPOSITION
260E; Extended_Pi;â˜ï¸;telephone
260F..2610; Extended_Pi;â˜..â˜;WHITE TELEPHONE..BALLOT BOX
2611; Extended_Pi;â˜‘ï¸;check box with check
2612; Extended_Pi;â˜’;BALLOT BOX WITH X
2614..2615; Extended_Pi;â˜”..â˜•;umbrella with rain drops..hot beverage
2616..2617; Extended_Pi;â˜–..â˜—;WHITE SHOGI PIECE..BLACK SHOGI PIECE
2618; Extended_Pi;â˜˜ï¸;shamrock
2619..261C; Extended_Pi;â˜™..â˜œ;REVERSED ROTATED FLORAL HEART BULLET..WHITE LEFT POINTING INDEX
261D; Extended_Pi;â˜ï¸;index pointing up
261E..261F; Extended_Pi;â˜..â˜Ÿ;WHITE RIGHT POINTING INDEX..WHITE DOWN POINTING INDEX
2620; Extended_Pi;â˜ ï¸;skull and crossbones
2621; Extended_Pi;â˜¡;CAUTION SIGN
2622..2623; Extended_Pi;â˜¢ï¸..â˜£ï¸;radioactive..biohazard
2624..2625; Extended_Pi;â˜¤..â˜¥;CADUCEUS..ANKH
2626; Extended_Pi;â˜¦ï¸;orthodox cross
2627..2629; Extended_Pi;â˜§..â˜©;CHI RHO..CROSS OF JERUSALEM
262A; Extended_Pi;â˜ªï¸;star and crescent
262B..262D; Extended_Pi;â˜«..â˜­;FARSI SYMBOL..HAMMER AND SICKLE
262E; Extended_Pi;â˜®ï¸;peace symbol
262F; Extended_Pi;â˜¯ï¸;yin yang
2630..2637; Extended_Pi;â˜°..â˜·;TRIGRAM FOR HEAVEN..TRIGRAM FOR EARTH
2638..2639; Extended_Pi;â˜¸ï¸..â˜¹ï¸;wheel of dharma..frowning face
263A; Extended_Pi;â˜ºï¸;smiling face
263B..263F; Extended_Pi;â˜»..â˜¿;BLACK SMILING FACE..MERCURY
2640; Extended_Pi;â™€ï¸;female sign
2641; Extended_Pi;â™;EARTH
2642; Extended_Pi;â™‚ï¸;male sign
2643..2647; Extended_Pi;â™ƒ..â™‡;JUPITER..PLUTO
2648..2653; Extended_Pi;â™ˆ..â™“;Aries..Pisces
2654..265E; Extended_Pi;â™”..â™;WHITE CHESS KING..BLACK CHESS KNIGHT
265F; Extended_Pi;â™Ÿï¸;chess pawn
2660; Extended_Pi;â™ ï¸;spade suit
2661..2662; Extended_Pi;â™¡..â™¢;WHITE HEART SUIT..WHITE DIAMOND SUIT
2663; Extended_Pi;â™£ï¸;club suit
2664; Extended_Pi;â™¤;WHITE SPADE SUIT
2665..2666; Extended_Pi;â™¥ï¸..â™¦ï¸;heart suit..diamond suit
2667; Extended_Pi;â™§;WHITE CLUB SUIT
2668; Extended_Pi;â™¨ï¸;hot springs
2669..267A; Extended_Pi;â™©..â™º;QUARTER NOTE..RECYCLING SYMBOL FOR GENERIC MATERIALS
267B; Extended_Pi;â™»ï¸;recycling symbol
267C..267D; Extended_Pi;â™¼..â™½;RECYCLED PAPER SYMBOL..PARTIALLY-RECYCLED PAPER SYMBOL
267E; Extended_Pi;â™¾ï¸;infinity
267F; Extended_Pi;â™¿;wheelchair symbol
2680..2685; Extended_Pi;âš€..âš…;DIE FACE-1..DIE FACE-6
2690..2691; Extended_Pi;âš..âš‘;WHITE FLAG..BLACK FLAG
2692; Extended_Pi;âš’ï¸;hammer and pick
2693; Extended_Pi;âš“;anchor
2694; Extended_Pi;âš”ï¸;crossed swords
2695; Extended_Pi;âš•ï¸;medical symbol
2696..2697; Extended_Pi;âš–ï¸..âš—ï¸;balance scale..alembic
2698; Extended_Pi;âš˜;FLOWER
2699; Extended_Pi;âš™ï¸;gear
269A; Extended_Pi;âšš;STAFF OF HERMES
269B..269C; Extended_Pi;âš›ï¸..âšœï¸;atom symbol..fleur-de-lis
269D..269F; Extended_Pi;âš..âšŸ;OUTLINED WHITE STAR..THREE LINES CONVERGING LEFT
26A0..26A1; Extended_Pi;âš ï¸..âš¡;warning..high voltage
26A2..26A6; Extended_Pi;âš¢..âš¦;DOUBLED FEMALE SIGN..MALE WITH STROKE SIGN
26A7; Extended_Pi;âš§ï¸;transgender symbol
26A8..26A9; Extended_Pi;âš¨..âš©;VERTICAL MALE WITH STROKE SIGN..HORIZONTAL MALE WITH STROKE SIGN
26AA..26AB; Extended_Pi;âšª..âš«;white circle..black circle
26AC..26AF; Extended_Pi;âš¬..âš¯;MEDIUM SMALL WHITE CIRCLE..UNMARRIED PARTNERSHIP SYMBOL
26B0..26B1; Extended_Pi;âš°ï¸..âš±ï¸;coffin..funeral urn
26B2..26BC; Extended_Pi;âš²..âš¼;NEUTER..SESQUIQUADRATE
26BD..26BE; Extended_Pi;âš½..âš¾;soccer ball..baseball
26BF..26C3; Extended_Pi;âš¿..â›ƒ;SQUARED KEY..BLACK DRAUGHTS KING
26C4..26C5; Extended_Pi;â›„..â›…;snowman without snow..sun behind cloud
26C6..26C7; Extended_Pi;â›†..â›‡;RAIN..BLACK SNOWMAN
26C8; Extended_Pi;â›ˆï¸;cloud with lightning and rain
26C9..26CD; Extended_Pi;â›‰..â›;TURNED WHITE SHOGI PIECE..DISABLED CAR
26CE; Extended_Pi;â›;Ophiuchus
26CF; Extended_Pi;â›ï¸;pick
26D0; Extended_Pi;â›;CAR SLIDING
26D1; Extended_Pi;â›‘ï¸;rescue workerâ€™s helmet
26D2; Extended_Pi;â›’;CIRCLED CROSSING LANES
26D3; Extended_Pi;â›“ï¸;chains
26D4; Extended_Pi;â›”;no entry
26D5..26E8; Extended_Pi;â›•..â›¨;ALTERNATE ONE-WAY LEFT WAY TRAFFIC..BLACK CROSS ON SHIELD
26E9; Extended_Pi;â›©ï¸;shinto shrine
26EA; Extended_Pi;â›ª;church
26EB..26EF; Extended_Pi;â›«..â›¯;CASTLE..MAP SYMBOL FOR LIGHTHOUSE
26F0..26F1; Extended_Pi;â›°ï¸..â›±ï¸;mountain..umbrella on ground
26F2..26F3; Extended_Pi;â›²..â›³;fountain..flag in hole
26F4; Extended_Pi;â›´ï¸;ferry
26F5; Extended_Pi;â›µ;sailboat
26F6; Extended_Pi;â›¶;SQUARE FOUR CORNERS
26F7..26F9; Extended_Pi;â›·ï¸..â›¹ï¸;skier..person bouncing ball
26FA; Extended_Pi;â›º;tent
26FB..26FC; Extended_Pi;â›»..â›¼;JAPANESE BANK SYMBOL..HEADSTONE GRAVEYARD SYMBOL
26FD; Extended_Pi;â›½;fuel pump
26FE..2701; Extended_Pi;â›¾..âœ;CUP ON BLACK SQUARE..UPPER BLADE SCISSORS
2702; Extended_Pi;âœ‚ï¸;scissors
2703..2704; Extended_Pi;âœƒ..âœ„;LOWER BLADE SCISSORS..WHITE SCISSORS
2705; Extended_Pi;âœ…;check mark button
2708..270C; Extended_Pi;âœˆï¸..âœŒï¸;airplane..victory hand
270D; Extended_Pi;âœï¸;writing hand
270E; Extended_Pi;âœ;LOWER RIGHT PENCIL
270F; Extended_Pi;âœï¸;pencil
2710..2711; Extended_Pi;âœ..âœ‘;UPPER RIGHT PENCIL..WHITE NIB
2712; Extended_Pi;âœ’ï¸;black nib
2714; Extended_Pi;âœ”ï¸;check mark
2716; Extended_Pi;âœ–ï¸;multiply
271D; Extended_Pi;âœï¸;latin cross
2721; Extended_Pi;âœ¡ï¸;star of David
2728; Extended_Pi;âœ¨;sparkles
2733..2734; Extended_Pi;âœ³ï¸..âœ´ï¸;eight-spoked asterisk..eight-pointed star
2744; Extended_Pi;â„ï¸;snowflake
2747; Extended_Pi;â‡ï¸;sparkle
274C; Extended_Pi;âŒ;cross mark
274E; Extended_Pi;â;cross mark button
2753..2755; Extended_Pi;â“..â•;question mark..white exclamation mark
2757; Extended_Pi;â—;exclamation mark
2763; Extended_Pi;â£ï¸;heart exclamation
2764; Extended_Pi;â¤ï¸;red heart
2765..2767; Extended_Pi;â¥..â§;ROTATED HEAVY BLACK HEART BULLET..ROTATED FLORAL HEART BULLET
2795..2797; Extended_Pi;â•..â—;plus..divide
27A1; Extended_Pi;â¡ï¸;right arrow
27B0; Extended_Pi;â°;curly loop
27BF; Extended_Pi;â¿;double curly loop
2934..2935; Extended_Pi;â¤´ï¸..â¤µï¸;right arrow curving up..right arrow curving down
2B05..2B07; Extended_Pi;â¬…ï¸..â¬‡ï¸;left arrow..down arrow
2B1B..2B1C; Extended_Pi;â¬›..â¬œ;black large square..white large square
2B50; Extended_Pi;â­;star
2B55; Extended_Pi;â­•;hollow red circle
3030; Extended_Pi;ã€°ï¸;wavy dash
303D; Extended_Pi;ã€½ï¸;part alternation mark
3297; Extended_Pi;ãŠ—ï¸;Japanese â€œcongratulationsâ€ button
3299; Extended_Pi;ãŠ™ï¸;Japanese â€œsecretâ€ button
1F000..1F003; Extended_Pi;ğŸ€€..ğŸ€ƒ;MAHJONG TILE EAST WIND..MAHJONG TILE NORTH WIND
1F004; Extended_Pi;ğŸ€„;mahjong red dragon
1F005..1F0CE; Extended_Pi;ğŸ€…..ğŸƒ;MAHJONG TILE GREEN DRAGON..PLAYING CARD KING OF DIAMONDS
1F0CF; Extended_Pi;ğŸƒ;joker
1F0D0..1F0FF; Extended_Pi;ğŸƒ..ğŸƒ¿;<reserved-1F0D0>..<reserved-1F0FF>
1F10D..1F10F; Extended_Pi;ğŸ„..ğŸ„;CIRCLED ZERO WITH SLASH..CIRCLED DOLLAR SIGN WITH OVERLAID BACKSLASH
1F12F; Extended_Pi;ğŸ„¯;COPYLEFT SYMBOL
1F16C..1F16F; Extended_Pi;ğŸ…¬..ğŸ…¯;RAISED MR SIGN..CIRCLED HUMAN FIGURE
1F170..1F171; Extended_Pi;ğŸ…°ï¸..ğŸ…±ï¸;A button (blood type)..B button (blood type)
1F17E..1F17F; Extended_Pi;ğŸ…¾ï¸..ğŸ…¿ï¸;O button (blood type)..P button
1F18E; Extended_Pi;ğŸ†;AB button (blood type)
1F191..1F19A; Extended_Pi;ğŸ†‘..ğŸ†š;CL button..VS button
1F1AD..1F1E5; Extended_Pi;ğŸ†­..ğŸ‡¥;MASK WORK SYMBOL..<reserved-1F1E5>
1F201..1F202; Extended_Pi;ğŸˆ..ğŸˆ‚ï¸;Japanese â€œhereâ€ button..Japanese â€œservice chargeâ€ button
1F203..1F20F; Extended_Pi;ğŸˆƒ..ğŸˆ;<reserved-1F203>..<reserved-1F20F>
1F21A; Extended_Pi;ğŸˆš;Japanese â€œfree of chargeâ€ button
1F22F; Extended_Pi;ğŸˆ¯;Japanese â€œreservedâ€ button
1F232..1F23A; Extended_Pi;ğŸˆ²..ğŸˆº;Japanese â€œprohibitedâ€ button..Japanese â€œopen for businessâ€ button
1F23C..1F23F; Extended_Pi;ğŸˆ¼..ğŸˆ¿;<reserved-1F23C>..<reserved-1F23F>
1F249..1F24F; Extended_Pi;ğŸ‰‰..ğŸ‰;<reserved-1F249>..<reserved-1F24F>
1F250..1F251; Extended_Pi;ğŸ‰..ğŸ‰‘;Japanese â€œbargainâ€ button..Japanese â€œacceptableâ€ button
1F252..1F2FF; Extended_Pi;ğŸ‰’..ğŸ‹¿;<reserved-1F252>..<reserved-1F2FF>
1F300..1F30C; Extended_Pi;ğŸŒ€..ğŸŒŒ;cyclone..milky way
1F30D..1F30E; Extended_Pi;ğŸŒ..ğŸŒ;globe showing Europe-Africa..globe showing Americas
1F30F; Extended_Pi;ğŸŒ;globe showing Asia-Australia
1F310; Extended_Pi;ğŸŒ;globe with meridians
1F311; Extended_Pi;ğŸŒ‘;new moon
1F312; Extended_Pi;ğŸŒ’;waxing crescent moon
1F313..1F315; Extended_Pi;ğŸŒ“..ğŸŒ•;first quarter moon..full moon
1F316..1F318; Extended_Pi;ğŸŒ–..ğŸŒ˜;waning gibbous moon..waning crescent moon
1F319; Extended_Pi;ğŸŒ™;crescent moon
1F31A; Extended_Pi;ğŸŒš;new moon face
1F31B; Extended_Pi;ğŸŒ›;first quarter moon face
1F31C; Extended_Pi;ğŸŒœ;last quarter moon face
1F31D..1F31E; Extended_Pi;ğŸŒ..ğŸŒ;full moon face..sun with face
1F31F..1F320; Extended_Pi;ğŸŒŸ..ğŸŒ ;glowing star..shooting star
1F321; Extended_Pi;ğŸŒ¡ï¸;thermometer
1F322..1F323; Extended_Pi;ğŸŒ¢..ğŸŒ£;BLACK DROPLET..WHITE SUN
1F324..1F32C; Extended_Pi;ğŸŒ¤ï¸..ğŸŒ¬ï¸;sun behind small cloud..wind face
1F32D..1F32F; Extended_Pi;ğŸŒ­..ğŸŒ¯;hot dog..burrito
1F330..1F331; Extended_Pi;ğŸŒ°..ğŸŒ±;chestnut..seedling
1F332..1F333; Extended_Pi;ğŸŒ²..ğŸŒ³;evergreen tree..deciduous tree
1F334..1F335; Extended_Pi;ğŸŒ´..ğŸŒµ;palm tree..cactus
1F336; Extended_Pi;ğŸŒ¶ï¸;hot pepper
1F337..1F34A; Extended_Pi;ğŸŒ·..ğŸŠ;tulip..tangerine
1F34B; Extended_Pi;ğŸ‹;lemon
1F34C..1F34F; Extended_Pi;ğŸŒ..ğŸ;banana..green apple
1F350; Extended_Pi;ğŸ;pear
1F351..1F37B; Extended_Pi;ğŸ‘..ğŸ»;peach..clinking beer mugs
1F37C; Extended_Pi;ğŸ¼;baby bottle
1F37D; Extended_Pi;ğŸ½ï¸;fork and knife with plate
1F37E..1F37F; Extended_Pi;ğŸ¾..ğŸ¿;bottle with popping cork..popcorn
1F380..1F393; Extended_Pi;ğŸ€..ğŸ“;ribbon..graduation cap
1F394..1F395; Extended_Pi;ğŸ”..ğŸ•;HEART WITH TIP ON THE LEFT..BOUQUET OF FLOWERS
1F396..1F397; Extended_Pi;ğŸ–ï¸..ğŸ—ï¸;military medal..reminder ribbon
1F398; Extended_Pi;ğŸ˜;MUSICAL KEYBOARD WITH JACKS
1F399..1F39B; Extended_Pi;ğŸ™ï¸..ğŸ›ï¸;studio microphone..control knobs
1F39C..1F39D; Extended_Pi;ğŸœ..ğŸ;BEAMED ASCENDING MUSICAL NOTES..BEAMED DESCENDING MUSICAL NOTES
1F39E..1F39F; Extended_Pi;ğŸï¸..ğŸŸï¸;film frames..admission tickets
1F3A0..1F3C4; Extended_Pi;ğŸ ..ğŸ„;carousel horse..person surfing
1F3C5; Extended_Pi;ğŸ…;sports medal
1F3C6; Extended_Pi;ğŸ†;trophy
1F3C7; Extended_Pi;ğŸ‡;horse racing
1F3C8; Extended_Pi;ğŸˆ;american football
1F3C9; Extended_Pi;ğŸ‰;rugby football
1F3CA; Extended_Pi;ğŸŠ;person swimming
1F3CB..1F3CE; Extended_Pi;ğŸ‹ï¸..ğŸï¸;person lifting weights..racing car
1F3CF..1F3D3; Extended_Pi;ğŸ..ğŸ“;cricket game..ping pong
1F3D4..1F3DF; Extended_Pi;ğŸ”ï¸..ğŸŸï¸;snow-capped mountain..stadium
1F3E0..1F3E3; Extended_Pi;ğŸ ..ğŸ£;house..Japanese post office
1F3E4; Extended_Pi;ğŸ¤;post office
1F3E5..1F3F0; Extended_Pi;ğŸ¥..ğŸ°;hospital..castle
1F3F1..1F3F2; Extended_Pi;ğŸ±..ğŸ²;WHITE PENNANT..BLACK PENNANT
1F3F3; Extended_Pi;ğŸ³ï¸;white flag
1F3F4; Extended_Pi;ğŸ´;black flag
1F3F5; Extended_Pi;ğŸµï¸;rosette
1F3F6; Extended_Pi;ğŸ¶;BLACK ROSETTE
1F3F7; Extended_Pi;ğŸ·ï¸;label
1F3F8..1F3FA; Extended_Pi;ğŸ¸..ğŸº;badminton..amphora
1F400..1F407; Extended_Pi;ğŸ€..ğŸ‡;rat..rabbit
1F408; Extended_Pi;ğŸˆ;cat
1F409..1F40B; Extended_Pi;ğŸ‰..ğŸ‹;dragon..whale
1F40C..1F40E; Extended_Pi;ğŸŒ..ğŸ;snail..horse
1F40F..1F410; Extended_Pi;ğŸ..ğŸ;ram..goat
1F411..1F412; Extended_Pi;ğŸ‘..ğŸ’;ewe..monkey
1F413; Extended_Pi;ğŸ“;rooster
1F414; Extended_Pi;ğŸ”;chicken
1F415; Extended_Pi;ğŸ•;dog
1F416; Extended_Pi;ğŸ–;pig
1F417..1F429; Extended_Pi;ğŸ—..ğŸ©;boar..poodle
1F42A; Extended_Pi;ğŸª;camel
1F42B..1F43E; Extended_Pi;ğŸ«..ğŸ¾;two-hump camel..paw prints
1F43F; Extended_Pi;ğŸ¿ï¸;chipmunk
1F440; Extended_Pi;ğŸ‘€;eyes
1F441; Extended_Pi;ğŸ‘ï¸;eye
1F442..1F464; Extended_Pi;ğŸ‘‚..ğŸ‘¤;ear..bust in silhouette
1F465; Extended_Pi;ğŸ‘¥;busts in silhouette
1F466..1F46B; Extended_Pi;ğŸ‘¦..ğŸ‘«;boy..woman and man holding hands
1F46C..1F46D; Extended_Pi;ğŸ‘¬..ğŸ‘­;men holding hands..women holding hands
1F46E..1F4AC; Extended_Pi;ğŸ‘®..ğŸ’¬;police officer..speech balloon
1F4AD; Extended_Pi;ğŸ’­;thought balloon
1F4AE..1F4B5; Extended_Pi;ğŸ’®..ğŸ’µ;white flower..dollar banknote
1F4B6..1F4B7; Extended_Pi;ğŸ’¶..ğŸ’·;euro banknote..pound banknote
1F4B8..1F4EB; Extended_Pi;ğŸ’¸..ğŸ“«;money with wings..closed mailbox with raised flag
1F4EC..1F4ED; Extended_Pi;ğŸ“¬..ğŸ“­;open mailbox with raised flag..open mailbox with lowered flag
1F4EE; Extended_Pi;ğŸ“®;postbox
1F4EF; Extended_Pi;ğŸ“¯;postal horn
1F4F0..1F4F4; Extended_Pi;ğŸ“°..ğŸ“´;newspaper..mobile phone off
1F4F5; Extended_Pi;ğŸ“µ;no mobile phones
1F4F6..1F4F7; Extended_Pi;ğŸ“¶..ğŸ“·;antenna bars..camera
1F4F8; Extended_Pi;ğŸ“¸;camera with flash
1F4F9..1F4FC; Extended_Pi;ğŸ“¹..ğŸ“¼;video camera..videocassette
1F4FD; Extended_Pi;ğŸ“½ï¸;film projector
1F4FE; Extended_Pi;ğŸ“¾;PORTABLE STEREO
1F4FF..1F502; Extended_Pi;ğŸ“¿..ğŸ”‚;prayer beads..repeat single button
1F503; Extended_Pi;ğŸ”ƒ;clockwise vertical arrows
1F504..1F507; Extended_Pi;ğŸ”„..ğŸ”‡;counterclockwise arrows button..muted speaker
1F508; Extended_Pi;ğŸ”ˆ;speaker low volume
1F509; Extended_Pi;ğŸ”‰;speaker medium volume
1F50A..1F514; Extended_Pi;ğŸ”Š..ğŸ””;speaker high volume..bell
1F515; Extended_Pi;ğŸ”•;bell with slash
1F516..1F52B; Extended_Pi;ğŸ”–..ğŸ”«;bookmark..pistol
1F52C..1F52D; Extended_Pi;ğŸ”¬..ğŸ”­;microscope..telescope
1F52E..1F53D; Extended_Pi;ğŸ”®..ğŸ”½;crystal ball..downwards button
1F546..1F548; Extended_Pi;ğŸ•†..ğŸ•ˆ;WHITE LATIN CROSS..CELTIC CROSS
1F549..1F54A; Extended_Pi;ğŸ•‰ï¸..ğŸ•Šï¸;om..dove
1F54B..1F54E; Extended_Pi;ğŸ•‹..ğŸ•;kaaba..menorah
1F54F; Extended_Pi;ğŸ•;BOWL OF HYGIEIA
1F550..1F55B; Extended_Pi;ğŸ•..ğŸ•›;one oâ€™clock..twelve oâ€™clock
1F55C..1F567; Extended_Pi;ğŸ•œ..ğŸ•§;one-thirty..twelve-thirty
1F568..1F56E; Extended_Pi;ğŸ•¨..ğŸ•®;RIGHT SPEAKER..BOOK
1F56F..1F570; Extended_Pi;ğŸ•¯ï¸..ğŸ•°ï¸;candle..mantelpiece clock
1F571..1F572; Extended_Pi;ğŸ•±..ğŸ•²;BLACK SKULL AND CROSSBONES..NO PIRACY
1F573..1F579; Extended_Pi;ğŸ•³ï¸..ğŸ•¹ï¸;hole..joystick
1F57A; Extended_Pi;ğŸ•º;man dancing
1F57B..1F586; Extended_Pi;ğŸ•»..ğŸ–†;LEFT HAND TELEPHONE RECEIVER..PEN OVER STAMPED ENVELOPE
1F587; Extended_Pi;ğŸ–‡ï¸;linked paperclips
1F588..1F589; Extended_Pi;ğŸ–ˆ..ğŸ–‰;BLACK PUSHPIN..LOWER LEFT PENCIL
1F58A..1F58D; Extended_Pi;ğŸ–Šï¸..ğŸ–ï¸;pen..crayon
1F58E..1F58F; Extended_Pi;ğŸ–..ğŸ–;LEFT WRITING HAND..TURNED OK HAND SIGN
1F590; Extended_Pi;ğŸ–ï¸;hand with fingers splayed
1F591..1F594; Extended_Pi;ğŸ–‘..ğŸ–”;REVERSED RAISED HAND WITH FINGERS SPLAYED..REVERSED VICTORY HAND
1F595..1F596; Extended_Pi;ğŸ–•..ğŸ––;middle finger..vulcan salute
1F597..1F5A3; Extended_Pi;ğŸ–—..ğŸ–£;WHITE DOWN POINTING LEFT HAND INDEX..BLACK DOWN POINTING BACKHAND INDEX
1F5A4; Extended_Pi;ğŸ–¤;black heart
1F5A5; Extended_Pi;ğŸ–¥ï¸;desktop computer
1F5A6..1F5A7; Extended_Pi;ğŸ–¦..ğŸ–§;KEYBOARD AND MOUSE..THREE NETWORKED COMPUTERS
1F5A8; Extended_Pi;ğŸ–¨ï¸;printer
1F5A9..1F5B0; Extended_Pi;ğŸ–©..ğŸ–°;POCKET CALCULATOR..TWO BUTTON MOUSE
1F5B1..1F5B2; Extended_Pi;ğŸ–±ï¸..ğŸ–²ï¸;computer mouse..trackball
1F5B3..1F5BB; Extended_Pi;ğŸ–³..ğŸ–»;OLD PERSONAL COMPUTER..DOCUMENT WITH PICTURE
1F5BC; Extended_Pi;ğŸ–¼ï¸;framed picture
1F5BD..1F5C1; Extended_Pi;ğŸ–½..ğŸ—;FRAME WITH TILES..OPEN FOLDER
1F5C2..1F5C4; Extended_Pi;ğŸ—‚ï¸..ğŸ—„ï¸;card index dividers..file cabinet
1F5C5..1F5D0; Extended_Pi;ğŸ—…..ğŸ—;EMPTY NOTE..PAGES
1F5D1..1F5D3; Extended_Pi;ğŸ—‘ï¸..ğŸ—“ï¸;wastebasket..spiral calendar
1F5D4..1F5DB; Extended_Pi;ğŸ—”..ğŸ—›;DESKTOP WINDOW..DECREASE FONT SIZE SYMBOL
1F5DC..1F5DE; Extended_Pi;ğŸ—œï¸..ğŸ—ï¸;clamp..rolled-up newspaper
1F5DF..1F5E0; Extended_Pi;ğŸ—Ÿ..ğŸ— ;PAGE WITH CIRCLED TEXT..STOCK CHART
1F5E1; Extended_Pi;ğŸ—¡ï¸;dagger
1F5E2; Extended_Pi;ğŸ—¢;LIPS
1F5E3; Extended_Pi;ğŸ—£ï¸;speaking head
1F5E4..1F5E7; Extended_Pi;ğŸ—¤..ğŸ—§;THREE RAYS ABOVE..THREE RAYS RIGHT
1F5E8; Extended_Pi;ğŸ—¨ï¸;left speech bubble
1F5E9..1F5EE; Extended_Pi;ğŸ—©..ğŸ—®;RIGHT SPEECH BUBBLE..LEFT ANGER BUBBLE
1F5EF; Extended_Pi;ğŸ—¯ï¸;right anger bubble
1F5F0..1F5F2; Extended_Pi;ğŸ—°..ğŸ—²;MOOD BUBBLE..LIGHTNING MOOD
1F5F3; Extended_Pi;ğŸ—³ï¸;ballot box with ballot
1F5F4..1F5F9; Extended_Pi;ğŸ—´..ğŸ—¹;BALLOT SCRIPT X..BALLOT BOX WITH BOLD CHECK
1F5FA; Extended_Pi;ğŸ—ºï¸;world map
1F5FB..1F5FF; Extended_Pi;ğŸ—»..ğŸ—¿;mount fuji..moai
1F600; Extended_Pi;ğŸ˜€;grinning face
1F601..1F606; Extended_Pi;ğŸ˜..ğŸ˜†;beaming face with smiling eyes..grinning squinting face
1F607..1F608; Extended_Pi;ğŸ˜‡..ğŸ˜ˆ;smiling face with halo..smiling face with horns
1F609..1F60D; Extended_Pi;ğŸ˜‰..ğŸ˜;winking face..smiling face with heart-eyes
1F60E; Extended_Pi;ğŸ˜;smiling face with sunglasses
1F60F; Extended_Pi;ğŸ˜;smirking face
1F610; Extended_Pi;ğŸ˜;neutral face
1F611; Extended_Pi;ğŸ˜‘;expressionless face
1F612..1F614; Extended_Pi;ğŸ˜’..ğŸ˜”;unamused face..pensive face
1F615; Extended_Pi;ğŸ˜•;confused face
1F616; Extended_Pi;ğŸ˜–;confounded face
1F617; Extended_Pi;ğŸ˜—;kissing face
1F618; Extended_Pi;ğŸ˜˜;face blowing a kiss
1F619; Extended_Pi;ğŸ˜™;kissing face with smiling eyes
1F61A; Extended_Pi;ğŸ˜š;kissing face with closed eyes
1F61B; Extended_Pi;ğŸ˜›;face with tongue
1F61C..1F61E; Extended_Pi;ğŸ˜œ..ğŸ˜;winking face with tongue..disappointed face
1F61F; Extended_Pi;ğŸ˜Ÿ;worried face
1F620..1F625; Extended_Pi;ğŸ˜ ..ğŸ˜¥;angry face..sad but relieved face
1F626..1F627; Extended_Pi;ğŸ˜¦..ğŸ˜§;frowning face with open mouth..anguished face
1F628..1F62B; Extended_Pi;ğŸ˜¨..ğŸ˜«;fearful face..tired face
1F62C; Extended_Pi;ğŸ˜¬;grimacing face
1F62D; Extended_Pi;ğŸ˜­;loudly crying face
1F62E..1F62F; Extended_Pi;ğŸ˜®..ğŸ˜¯;face with open mouth..hushed face
1F630..1F633; Extended_Pi;ğŸ˜°..ğŸ˜³;anxious face with sweat..flushed face
1F634; Extended_Pi;ğŸ˜´;sleeping face
1F635; Extended_Pi;ğŸ˜µ;dizzy face
1F636; Extended_Pi;ğŸ˜¶;face without mouth
1F637..1F640; Extended_Pi;ğŸ˜·..ğŸ™€;face with medical mask..weary cat
1F641..1F644; Extended_Pi;ğŸ™..ğŸ™„;slightly frowning face..face with rolling eyes
1F645..1F64F; Extended_Pi;ğŸ™…..ğŸ™;person gesturing NO..folded hands
1F680; Extended_Pi;ğŸš€;rocket
1F681..1F682; Extended_Pi;ğŸš..ğŸš‚;helicopter..locomotive
1F683..1F685; Extended_Pi;ğŸšƒ..ğŸš…;railway car..bullet train
1F686; Extended_Pi;ğŸš†;train
1F687; Extended_Pi;ğŸš‡;metro
1F688; Extended_Pi;ğŸšˆ;light rail
1F689; Extended_Pi;ğŸš‰;station
1F68A..1F68B; Extended_Pi;ğŸšŠ..ğŸš‹;tram..tram car
1F68C; Extended_Pi;ğŸšŒ;bus
1F68D; Extended_Pi;ğŸš;oncoming bus
1F68E; Extended_Pi;ğŸš;trolleybus
1F68F; Extended_Pi;ğŸš;bus stop
1F690; Extended_Pi;ğŸš;minibus
1F691..1F693; Extended_Pi;ğŸš‘..ğŸš“;ambulance..police car
1F694; Extended_Pi;ğŸš”;oncoming police car
1F695; Extended_Pi;ğŸš•;taxi
1F696; Extended_Pi;ğŸš–;oncoming taxi
1F697; Extended_Pi;ğŸš—;automobile
1F698; Extended_Pi;ğŸš˜;oncoming automobile
1F699..1F69A; Extended_Pi;ğŸš™..ğŸšš;sport utility vehicle..delivery truck
1F69B..1F6A1; Extended_Pi;ğŸš›..ğŸš¡;articulated lorry..aerial tramway
1F6A2; Extended_Pi;ğŸš¢;ship
1F6A3; Extended_Pi;ğŸš£;person rowing boat
1F6A4..1F6A5; Extended_Pi;ğŸš¤..ğŸš¥;speedboat..horizontal traffic light
1F6A6; Extended_Pi;ğŸš¦;vertical traffic light
1F6A7..1F6AD; Extended_Pi;ğŸš§..ğŸš­;construction..no smoking
1F6AE..1F6B1; Extended_Pi;ğŸš®..ğŸš±;litter in bin sign..non-potable water
1F6B2; Extended_Pi;ğŸš²;bicycle
1F6B3..1F6B5; Extended_Pi;ğŸš³..ğŸšµ;no bicycles..person mountain biking
1F6B6; Extended_Pi;ğŸš¶;person walking
1F6B7..1F6B8; Extended_Pi;ğŸš·..ğŸš¸;no pedestrians..children crossing
1F6B9..1F6BE; Extended_Pi;ğŸš¹..ğŸš¾;menâ€™s room..water closet
1F6BF; Extended_Pi;ğŸš¿;shower
1F6C0; Extended_Pi;ğŸ›€;person taking bath
1F6C1..1F6C5; Extended_Pi;ğŸ›..ğŸ›…;bathtub..left luggage
1F6C6..1F6CA; Extended_Pi;ğŸ›†..ğŸ›Š;TRIANGLE WITH ROUNDED CORNERS..GIRLS SYMBOL
1F6CB; Extended_Pi;ğŸ›‹ï¸;couch and lamp
1F6CC; Extended_Pi;ğŸ›Œ;person in bed
1F6CD..1F6CF; Extended_Pi;ğŸ›ï¸..ğŸ›ï¸;shopping bags..bed
1F6D0; Extended_Pi;ğŸ›;place of worship
1F6D1..1F6D2; Extended_Pi;ğŸ›‘..ğŸ›’;stop sign..shopping cart
1F6D3..1F6D4; Extended_Pi;ğŸ›“..ğŸ›”;STUPA..PAGODA
1F6D5; Extended_Pi;ğŸ›•;hindu temple
1F6D6..1F6D7; Extended_Pi;ğŸ›–..ğŸ›—;hut..elevator
1F6D8..1F6DF; Extended_Pi;ğŸ›˜..ğŸ›Ÿ;<reserved-1F6D8>..<reserved-1F6DF>
1F6E0..1F6E5; Extended_Pi;ğŸ› ï¸..ğŸ›¥ï¸;hammer and wrench..motor boat
1F6E6..1F6E8; Extended_Pi;ğŸ›¦..ğŸ›¨;UP-POINTING MILITARY AIRPLANE..UP-POINTING SMALL AIRPLANE
1F6E9; Extended_Pi;ğŸ›©ï¸;small airplane
1F6EA; Extended_Pi;ğŸ›ª;NORTHEAST-POINTING AIRPLANE
1F6EB..1F6EC; Extended_Pi;ğŸ›«..ğŸ›¬;airplane departure..airplane arrival
1F6ED..1F6EF; Extended_Pi;ğŸ›­..ğŸ›¯;<reserved-1F6ED>..<reserved-1F6EF>
1F6F0; Extended_Pi;ğŸ›°ï¸;satellite
1F6F1..1F6F2; Extended_Pi;ğŸ›±..ğŸ›²;ONCOMING FIRE ENGINE..DIESEL LOCOMOTIVE
1F6F3; Extended_Pi;ğŸ›³ï¸;passenger ship
1F6F4..1F6F6; Extended_Pi;ğŸ›´..ğŸ›¶;kick scooter..canoe
1F6F7..1F6F8; Extended_Pi;ğŸ›·..ğŸ›¸;sled..flying saucer
1F6F9; Extended_Pi;ğŸ›¹;skateboard
1F6FA; Extended_Pi;ğŸ›º;auto rickshaw
1F6FB..1F6FC; Extended_Pi;ğŸ›»..ğŸ›¼;pickup truck..roller skate
1F6FD..1F6FF; Extended_Pi;ğŸ›½..ğŸ›¿;<reserved-1F6FD>..<reserved-1F6FF>
1F774..1F77F; Extended_Pi;ğŸ´..ğŸ¿;<reserved-1F774>..<reserved-1F77F>
1F7D5..1F7DF; Extended_Pi;ğŸŸ•..ğŸŸŸ;CIRCLED TRIANGLE..<reserved-1F7DF>
1F7E0..1F7EB; Extended_Pi;ğŸŸ ..ğŸŸ«;orange circle..brown square
1F7EC..1F7FF; Extended_Pi;ğŸŸ¬..ğŸŸ¿;<reserved-1F7EC>..<reserved-1F7FF>
1F80C..1F80F; Extended_Pi;ğŸ Œ..ğŸ ;<reserved-1F80C>..<reserved-1F80F>
1F848..1F84F; Extended_Pi;ğŸ¡ˆ..ğŸ¡;<reserved-1F848>..<reserved-1F84F>
1F85A..1F85F; Extended_Pi;ğŸ¡š..ğŸ¡Ÿ;<reserved-1F85A>..<reserved-1F85F>
1F888..1F88F; Extended_Pi;ğŸ¢ˆ..ğŸ¢;<reserved-1F888>..<reserved-1F88F>
1F8AE..1F8FF; Extended_Pi;ğŸ¢®..ğŸ£¿;<reserved-1F8AE>..<reserved-1F8FF>
1F90C; Extended_Pi;ğŸ¤Œ;pinched fingers
1F90D..1F90F; Extended_Pi;ğŸ¤..ğŸ¤;white heart..pinching hand
1F910..1F918; Extended_Pi;ğŸ¤..ğŸ¤˜;zipper-mouth face..sign of the horns
1F919..1F91E; Extended_Pi;ğŸ¤™..ğŸ¤;call me hand..crossed fingers
1F91F; Extended_Pi;ğŸ¤Ÿ;love-you gesture
1F920..1F927; Extended_Pi;ğŸ¤ ..ğŸ¤§;cowboy hat face..sneezing face
1F928..1F92F; Extended_Pi;ğŸ¤¨..ğŸ¤¯;face with raised eyebrow..exploding head
1F930; Extended_Pi;ğŸ¤°;pregnant woman
1F931..1F932; Extended_Pi;ğŸ¤±..ğŸ¤²;breast-feeding..palms up together
1F933..1F93A; Extended_Pi;ğŸ¤³..ğŸ¤º;selfie..person fencing
1F93C..1F93E; Extended_Pi;ğŸ¤¼..ğŸ¤¾;people wrestling..person playing handball
1F93F; Extended_Pi;ğŸ¤¿;diving mask
1F940..1F945; Extended_Pi;ğŸ¥€..ğŸ¥…;wilted flower..goal net
1F947..1F94B; Extended_Pi;ğŸ¥‡..ğŸ¥‹;1st place medal..martial arts uniform
1F94C; Extended_Pi;ğŸ¥Œ;curling stone
1F94D..1F94F; Extended_Pi;ğŸ¥..ğŸ¥;lacrosse..flying disc
1F950..1F95E; Extended_Pi;ğŸ¥..ğŸ¥;croissant..pancakes
1F95F..1F96B; Extended_Pi;ğŸ¥Ÿ..ğŸ¥«;dumpling..canned food
1F96C..1F970; Extended_Pi;ğŸ¥¬..ğŸ¥°;leafy green..smiling face with hearts
1F971; Extended_Pi;ğŸ¥±;yawning face
1F972; Extended_Pi;ğŸ¥²;smiling face with tear
1F973..1F976; Extended_Pi;ğŸ¥³..ğŸ¥¶;partying face..cold face
1F977..1F978; Extended_Pi;ğŸ¥·..ğŸ¥¸;ninja..disguised face
1F979; Extended_Pi;ğŸ¥¹;<reserved-1F979>
1F97A; Extended_Pi;ğŸ¥º;pleading face
1F97B; Extended_Pi;ğŸ¥»;sari
1F97C..1F97F; Extended_Pi;ğŸ¥¼..ğŸ¥¿;lab coat..flat shoe
1F980..1F984; Extended_Pi;ğŸ¦€..ğŸ¦„;crab..unicorn
1F985..1F991; Extended_Pi;ğŸ¦…..ğŸ¦‘;eagle..squid
1F992..1F997; Extended_Pi;ğŸ¦’..ğŸ¦—;giraffe..cricket
1F998..1F9A2; Extended_Pi;ğŸ¦˜..ğŸ¦¢;kangaroo..swan
1F9A3..1F9A4; Extended_Pi;ğŸ¦£..ğŸ¦¤;mammoth..dodo
1F9A5..1F9AA; Extended_Pi;ğŸ¦¥..ğŸ¦ª;sloth..oyster
1F9AB..1F9AD; Extended_Pi;ğŸ¦«..ğŸ¦­;beaver..seal
1F9AE..1F9AF; Extended_Pi;ğŸ¦®..ğŸ¦¯;guide dog..white cane
1F9B0..1F9B9; Extended_Pi;ğŸ¦°..ğŸ¦¹;red hair..supervillain
1F9BA..1F9BF; Extended_Pi;ğŸ¦º..ğŸ¦¿;safety vest..mechanical leg
1F9C0; Extended_Pi;ğŸ§€;cheese wedge
1F9C1..1F9C2; Extended_Pi;ğŸ§..ğŸ§‚;cupcake..salt
1F9C3..1F9CA; Extended_Pi;ğŸ§ƒ..ğŸ§Š;beverage box..ice
1F9CB; Extended_Pi;ğŸ§‹;bubble tea
1F9CC; Extended_Pi;ğŸ§Œ;<reserved-1F9CC>
1F9CD..1F9CF; Extended_Pi;ğŸ§..ğŸ§;person standing..deaf person
1F9D0..1F9E6; Extended_Pi;ğŸ§..ğŸ§¦;face with monocle..socks
1F9E7..1F9FF; Extended_Pi;ğŸ§§..ğŸ§¿;red envelope..nazar amulet
1FA00..1FA6F; Extended_Pi;ğŸ¨€..ğŸ©¯;NEUTRAL CHESS KING..<reserved-1FA6F>
1FA70..1FA73; Extended_Pi;ğŸ©°..ğŸ©³;ballet shoes..shorts
1FA74; Extended_Pi;ğŸ©´;thong sandal
1FA75..1FA77; Extended_Pi;ğŸ©µ..ğŸ©·;<reserved-1FA75>..<reserved-1FA77>
1FA78..1FA7A; Extended_Pi;ğŸ©¸..ğŸ©º;drop of blood..stethoscope
1FA7B..1FA7F; Extended_Pi;ğŸ©»..ğŸ©¿;<reserved-1FA7B>..<reserved-1FA7F>
1FA80..1FA82; Extended_Pi;ğŸª€..ğŸª‚;yo-yo..parachute
1FA83..1FA86; Extended_Pi;ğŸªƒ..ğŸª†;boomerang..nesting dolls
1FA87..1FA8F; Extended_Pi;ğŸª‡..ğŸª;<reserved-1FA87>..<reserved-1FA8F>
1FA90..1FA95; Extended_Pi;ğŸª..ğŸª•;ringed planet..banjo
1FA96..1FAA8; Extended_Pi;ğŸª–..ğŸª¨;military helmet..rock
1FAA9..1FAAF; Extended_Pi;ğŸª©..ğŸª¯;<reserved-1FAA9>..<reserved-1FAAF>
1FAB0..1FAB6; Extended_Pi;ğŸª°..ğŸª¶;fly..feather
1FAB7..1FABF; Extended_Pi;ğŸª·..ğŸª¿;<reserved-1FAB7>..<reserved-1FABF>
1FAC0..1FAC2; Extended_Pi;ğŸ«€..ğŸ«‚;anatomical heart..people hugging
1FAC3..1FACF; Extended_Pi;ğŸ«ƒ..ğŸ«;<reserved-1FAC3>..<reserved-1FACF>
1FAD0..1FAD6; Extended_Pi;ğŸ«..ğŸ«–;blueberries..teapot
1FAD7..1FAFF; Extended_Pi;ğŸ«—..ğŸ«¿;<reserved-1FAD7>..<reserved-1FAFF>
1FC00..1FFFD; Extended_Pi;ğŸ°€..ğŸ¿½;<reserved-1FC00>..<reserved-1FFFD>
